"score","com","name","entity","cell_type"
4.40344126023265e-05,1,"1700016H13Rik","gene","astrocytes"
-1.04631617505601e-06,1,"2510039O18Rik","gene","astrocytes"
4.5510019253476e-05,1,"4922502D21Rik","gene","astrocytes"
1.45791875502106e-05,1,"4930579G24Rik","gene","astrocytes"
0.000281262938706553,4,"Aasdh","gene","astrocytes"
0.000272430345451415,3,"Abcc10","gene","astrocytes"
8.56163655100308e-07,1,"Abt1","gene","astrocytes"
1.50871683033498e-05,2,"Aff1","gene","astrocytes"
1.35205191719667e-05,1,"Anapc7","gene","astrocytes"
2.27867297341714e-05,2,"Anp32a","gene","astrocytes"
0.00155318244664531,1,"Apex1","TF","astrocytes"
4.33263093410831e-05,1,"Apex1","gene","astrocytes"
0.000645577735739636,3,"Apopt1","gene","astrocytes"
0.000303628618666939,3,"Arl5b","gene","astrocytes"
0.000164874720283759,4,"Asb7","gene","astrocytes"
0.000102085264549503,2,"Bag5","gene","astrocytes"
0.0023040245661801,2,"Bcl11a","TF","astrocytes"
1.48555164612729e-05,2,"Bcl11a","gene","astrocytes"
0.000541535860743278,3,"Bet1l","gene","astrocytes"
3.76206137821816e-06,2,"Bmp5","gene","astrocytes"
0.00149847748005246,1,"Brca1","TF","astrocytes"
4.71748443690523e-05,1,"Brca1","gene","astrocytes"
4.74503349603449e-05,2,"Casc1","gene","astrocytes"
0.000453521390131192,3,"Ccdc174","gene","astrocytes"
2.12155744162369e-05,1,"Ccdc184","gene","astrocytes"
7.44426759970053e-06,2,"Cdk8","gene","astrocytes"
0.00031015037528535,1,"Cdkn2c","gene","astrocytes"
0.000774216859724157,1,"Cebpb","TF","astrocytes"
3.7368300611498e-06,2,"Cebpb","gene","astrocytes"
1.15854050277671e-05,2,"Cep192","gene","astrocytes"
1.17400498853094e-05,1,"Cep290","gene","astrocytes"
2.08828852227213e-05,2,"Cept1","gene","astrocytes"
0.000169429336862193,2,"Chek1","gene","astrocytes"
0.000431775295321673,3,"Cherp","gene","astrocytes"
1.75450414229493e-06,1,"Ciao3","gene","astrocytes"
6.03410960126691e-05,2,"Clec16a","gene","astrocytes"
8.81451178589056e-06,2,"Cnih2","gene","astrocytes"
0.00046312093115773,1,"Cnpy1","gene","astrocytes"
0.000391060143653444,3,"Cox4i1","gene","astrocytes"
2.60280356748501e-05,2,"Crls1","gene","astrocytes"
0.000429099305937421,3,"Ctnnbl1","gene","astrocytes"
0.000135146442711754,3,"Cwf19l2","gene","astrocytes"
2.02402758174574e-05,2,"Cyb5d2","gene","astrocytes"
3.13317763673887e-05,2,"Czib","gene","astrocytes"
2.54029881711763e-06,2,"D230025D16Rik","gene","astrocytes"
0.00101841484475749,4,"Dcaf8","gene","astrocytes"
2.37270777527124e-05,2,"Ddi2","gene","astrocytes"
2.85163185921069e-05,2,"Dgcr6","gene","astrocytes"
0.000421158159216967,4,"Dlat","gene","astrocytes"
0.000382251849265582,4,"Dnajc19","gene","astrocytes"
0.00042590039699284,2,"Dntt","gene","astrocytes"
0.00067801568841316,3,"Dph5","gene","astrocytes"
0.000162956198344248,4,"Dpy30","gene","astrocytes"
3.19907932815531e-05,2,"Dram2","gene","astrocytes"
0.00124774836090497,2,"E4f1","TF","astrocytes"
3.42605345071041e-05,2,"E4f1","gene","astrocytes"
2.11514529764795e-05,2,"Eed","gene","astrocytes"
0.000385804351433369,4,"Eef1g","gene","astrocytes"
0.000910812020354744,4,"Eif3d","gene","astrocytes"
6.29819478841609e-05,2,"Eif3k","gene","astrocytes"
2.47419111950451e-05,2,"Eif4a2","gene","astrocytes"
0.000402444379880266,4,"Eif4b","gene","astrocytes"
0.00170738353675938,1,"Elp3","TF","astrocytes"
1.17136778783567e-05,2,"Elp3","gene","astrocytes"
1.27310309768925e-05,2,"Emc8","gene","astrocytes"
1.8533499863979e-05,2,"Epc2","gene","astrocytes"
0.00016546466081772,3,"Eprs","gene","astrocytes"
0.000252648971437771,2,"Esyt1","gene","astrocytes"
0.000281928623479879,3,"Etfdh","gene","astrocytes"
0.000590260275506485,3,"Etfrf1","gene","astrocytes"
6.75798118980325e-06,2,"Faap100","gene","astrocytes"
4.43575660302179e-05,2,"Faf1","gene","astrocytes"
6.18902176146094e-05,2,"Fam174b","gene","astrocytes"
-1.71157677173256e-06,1,"Fam229b","gene","astrocytes"
1.6340062801125e-05,2,"Fkbp15","gene","astrocytes"
0.000115334473454121,2,"Fktn","gene","astrocytes"
2.95869648238706e-05,2,"Ggcx","gene","astrocytes"
4.53145957448496e-05,1,"Gm156","gene","astrocytes"
2.68439056203444e-05,1,"Gnl3","gene","astrocytes"
0.000357282747664296,3,"H13","gene","astrocytes"
6.05450548655788e-05,2,"Hax1","gene","astrocytes"
0.000919503923197675,1,"Hmga1","TF","astrocytes"
2.08552810018975e-05,1,"Hmga1","gene","astrocytes"
5.16849052998051e-05,1,"Hmga1b","gene","astrocytes"
0.00107113428477303,1,"Hoxa10","TF","astrocytes"
2.47345099749776e-05,1,"Hoxa10","gene","astrocytes"
0.00123417067404531,1,"Hoxa9","TF","astrocytes"
4.41945544605719e-05,1,"Hoxa9","gene","astrocytes"
1.76276226369867e-05,2,"Hs2st1","gene","astrocytes"
0.00042482880931415,3,"Ift122","gene","astrocytes"
1.6470548189238e-05,2,"Ipo8","gene","astrocytes"
0.000638748252313479,3,"Itfg1","gene","astrocytes"
0.000562319728436298,4,"Kif1bp","gene","astrocytes"
1.86286722141888e-05,2,"Klc1","gene","astrocytes"
0.000351348643866592,2,"Klhdc9","gene","astrocytes"
4.72704224356849e-05,1,"Klre1","gene","astrocytes"
0.000287772204362469,2,"Klri1","gene","astrocytes"
4.95225088318451e-05,1,"Klri2","gene","astrocytes"
2.2002082960456e-05,2,"Kmt2a","gene","astrocytes"
2.31850919019398e-06,1,"Leo1","gene","astrocytes"
-1.88367001431023e-06,1,"Lins1","gene","astrocytes"
0.000195043625997261,4,"Lrrcc1","gene","astrocytes"
0.000239818854603009,3,"Lsm4","gene","astrocytes"
0.000103325190927789,2,"Map4k1","gene","astrocytes"
2.09322860714254e-05,1,"Mbd4","gene","astrocytes"
0.000406514945277609,3,"Mcts1","gene","astrocytes"
0.00157505270800228,1,"Med1","TF","astrocytes"
1.19633929142568e-05,2,"Med1","gene","astrocytes"
0.000205787742071444,2,"Med29","gene","astrocytes"
0.000849968239495354,1,"Mef2c","TF","astrocytes"
0.000761006614851602,4,"Mef2c","gene","astrocytes"
0.000370352562176499,3,"Mks1","gene","astrocytes"
0.000323107698020445,3,"Mpc1","gene","astrocytes"
0.000135016250374629,2,"Mpnd","gene","astrocytes"
0.000267546797403431,3,"Mrfap1","gene","astrocytes"
1.76786984432532e-05,2,"Mrpl15","gene","astrocytes"
5.53768592901838e-05,2,"Mrps12","gene","astrocytes"
0.000232181661708388,3,"Mrps16","gene","astrocytes"
0.000774817093773514,2,"Myb","TF","astrocytes"
0.000411132423815283,2,"Myb","gene","astrocytes"
0.000850776927711216,2,"Myc","TF","astrocytes"
1.71954628623361e-05,2,"Myc","gene","astrocytes"
2.38235778168e-05,2,"Myo9a","gene","astrocytes"
0.00193379430511846,2,"Mzf1","TF","astrocytes"
0.000233170054297929,2,"Mzf1","gene","astrocytes"
0.000217702144484323,3,"Naa30","gene","astrocytes"
9.04213560390651e-06,2,"Naaladl2","gene","astrocytes"
4.13152926475587e-06,2,"Nap1l2","gene","astrocytes"
0.000385942247158747,3,"Nbr1","gene","astrocytes"
0.00160035400984957,1,"Ncoa5","TF","astrocytes"
6.37135892683107e-05,2,"Ncoa5","gene","astrocytes"
0.000320946721305417,3,"Ndfip2","gene","astrocytes"
1.30712340906173e-05,2,"Ndufab1","gene","astrocytes"
0.000590592269574403,4,"Ndufs5","gene","astrocytes"
1.38871479468258e-05,2,"Neurl4","gene","astrocytes"
0.00116721947422651,4,"Nme1","gene","astrocytes"
0.000404456904232561,3,"Nol6","gene","astrocytes"
0.000409096017468122,2,"Nrap","gene","astrocytes"
1.97891324504321e-05,1,"Nsun5","gene","astrocytes"
0.000415663093223714,3,"Nsun6","gene","astrocytes"
0.000380780028400852,4,"Nudt9","gene","astrocytes"
3.28885096471498e-05,1,"Paf1","gene","astrocytes"
0.000728264792347014,3,"Parg","gene","astrocytes"
0.00173156718280238,1,"Parp1","TF","astrocytes"
0.000322200243010783,4,"Parp1","gene","astrocytes"
0.00169317740302081,1,"Pbrm1","TF","astrocytes"
1.55151894948037e-05,2,"Pbrm1","gene","astrocytes"
4.04506808669151e-05,2,"Pcnx4","gene","astrocytes"
1.35363284022948e-05,2,"Pde4d","gene","astrocytes"
1.23406181056409e-05,2,"Pdpr","gene","astrocytes"
0.000378073077777977,3,"Pdss2","gene","astrocytes"
0.000103208134874326,2,"Phf6","gene","astrocytes"
5.03219468528403e-06,2,"Phf8","gene","astrocytes"
2.46350633437081e-05,2,"Phkb","gene","astrocytes"
3.82127550733932e-06,2,"Pigk","gene","astrocytes"
1.92793705976242e-05,2,"Pkn2","gene","astrocytes"
0.000864667473215612,4,"Ppp5c","gene","astrocytes"
6.67203454978584e-05,4,"Psmb6","gene","astrocytes"
0.000167514771625116,2,"Psmd8","gene","astrocytes"
4.59523773701784e-05,2,"Rad52","gene","astrocytes"
2.00951616378563e-05,2,"Ralgapa1","gene","astrocytes"
1.69615264066298e-05,2,"Rbm33","gene","astrocytes"
1.30292482372888e-06,1,"Riok2","gene","astrocytes"
0.000247099761892102,3,"Rnf111","gene","astrocytes"
0.000245310092999749,4,"Rnf139","gene","astrocytes"
9.09758395827609e-06,2,"Rps16","gene","astrocytes"
5.02832813658585e-05,1,"Rps6kl1","gene","astrocytes"
0.00087961610476411,2,"Runx1","TF","astrocytes"
0.000413268430065253,1,"Runx1","gene","astrocytes"
1.94216237969382e-05,2,"Sars2","gene","astrocytes"
7.92076615855452e-06,2,"Selenof","gene","astrocytes"
7.83614943774772e-06,2,"Senp8","gene","astrocytes"
0.000152625085620909,4,"Set","gene","astrocytes"
0.000639826310739214,1,"Setbp1","TF","astrocytes"
1.52104542559434e-05,2,"Setbp1","gene","astrocytes"
0.000374787026106067,3,"Sfr1","gene","astrocytes"
4.30633248031561e-06,2,"Slc31a1","gene","astrocytes"
0.000427109139243701,3,"Supt5","gene","astrocytes"
0.000413859921300458,3,"Taf13","gene","astrocytes"
0.000455658433869222,3,"Taf1a","gene","astrocytes"
3.3166601164622e-05,2,"Taf5","gene","astrocytes"
0.000522120400524316,4,"Taz","gene","astrocytes"
1.01718496645269e-05,2,"Tbc1d23","gene","astrocytes"
3.87566763861827e-06,2,"Tbc1d8","gene","astrocytes"
0.000311796401249149,3,"Tcea1","gene","astrocytes"
0.00232475080513962,2,"Tcf4","TF","astrocytes"
0.000112645313085479,4,"Tcf4","gene","astrocytes"
0.000428643698045029,3,"Tgds","gene","astrocytes"
0.000694618982320169,3,"Timm23","gene","astrocytes"
0.000335902670646942,3,"Tmem177","gene","astrocytes"
0.000247086186304136,3,"Tmtc3","gene","astrocytes"
1.79836525927402e-06,2,"Tomm7","gene","astrocytes"
3.20245342089011e-05,1,"Trappc5","gene","astrocytes"
3.89882316653557e-05,1,"Trex1","gene","astrocytes"
1.238039109421e-05,1,"Tsen2","gene","astrocytes"
2.74686397599878e-05,2,"Ttc23","gene","astrocytes"
0.000477775203808514,3,"Tti2","gene","astrocytes"
0.000164469029690116,2,"Tube1","gene","astrocytes"
0.000338020482377409,3,"Txnl1","gene","astrocytes"
0.000418783229691785,3,"Ubr1","gene","astrocytes"
1.1504886382671e-05,2,"Usp31","gene","astrocytes"
0.00017164303212009,3,"Usp48","gene","astrocytes"
0.000370578053472107,3,"Utp14a","gene","astrocytes"
2.33469501238187e-05,2,"Utp14b","gene","astrocytes"
5.44026064873831e-06,2,"Utp25","gene","astrocytes"
0.000512394765505767,4,"Vamp8","gene","astrocytes"
3.87453433407617e-05,2,"Wdr7","gene","astrocytes"
4.87756159944191e-05,2,"Zc3h10","gene","astrocytes"
0.000355915068627603,3,"Zc3h15","gene","astrocytes"
0.00147506929779554,2,"Zeb1","TF","astrocytes"
1.18525838114496e-05,2,"Zeb1","gene","astrocytes"
0.000459052101891601,3,"Zfp330","gene","astrocytes"
7.59932986529885e-05,3,"Zmat2","gene","astrocytes"
2.68996517759007e-05,2,"Znhit6","gene","astrocytes"
0.000507726693210573,3,"Zzef1","gene","astrocytes"
9.88056760690303e-06,3,"1700016H13Rik","gene","excitatory neurons"
8.12883531935521e-06,1,"2510039O18Rik","gene","excitatory neurons"
0.000309448673093781,1,"4922502D21Rik","gene","excitatory neurons"
2.8834777802968e-06,1,"4930579G24Rik","gene","excitatory neurons"
0.000135870607116497,4,"Aasdh","gene","excitatory neurons"
0.000262197775801221,2,"Abcc10","gene","excitatory neurons"
4.3467235895143e-05,3,"Abt1","gene","excitatory neurons"
4.13133757845049e-05,3,"Aff1","gene","excitatory neurons"
0.000232918826879498,2,"Anapc7","gene","excitatory neurons"
5.50919716026672e-06,1,"Anp32a","gene","excitatory neurons"
0.00167800564790308,1,"Apex1","TF","excitatory neurons"
0.00104224640127743,4,"Apex1","gene","excitatory neurons"
0.000469622592952258,2,"Apopt1","gene","excitatory neurons"
3.45042846399781e-05,3,"Arl5b","gene","excitatory neurons"
2.24148777401967e-05,3,"Asb7","gene","excitatory neurons"
1.05894953584404e-05,1,"Bag5","gene","excitatory neurons"
0.00305403153151722,3,"Bcl11a","TF","excitatory neurons"
0.000445496804290739,4,"Bcl11a","gene","excitatory neurons"
0.000376082846762826,2,"Bet1l","gene","excitatory neurons"
3.10753644577458e-06,1,"Bmp5","gene","excitatory neurons"
0.00155898766937883,1,"Brca1","TF","excitatory neurons"
0.000378817949764293,1,"Brca1","gene","excitatory neurons"
0.00155472764734986,7,"Casc1","gene","excitatory neurons"
0.000390649756856905,2,"Ccdc174","gene","excitatory neurons"
0.000636485918067787,7,"Ccdc184","gene","excitatory neurons"
0.000462390505709956,4,"Cdk8","gene","excitatory neurons"
0.000119367292146346,3,"Cdkn2c","gene","excitatory neurons"
0.000901188120059945,1,"Cebpb","TF","excitatory neurons"
2.42198418118437e-05,3,"Cebpb","gene","excitatory neurons"
1.14461754332626e-05,3,"Cep192","gene","excitatory neurons"
5.80729927797045e-06,3,"Cep290","gene","excitatory neurons"
1.88279969177848e-05,3,"Cept1","gene","excitatory neurons"
8.71888395849623e-05,3,"Chek1","gene","excitatory neurons"
0.000423488551789312,2,"Cherp","gene","excitatory neurons"
2.14720797532408e-05,2,"Ciao3","gene","excitatory neurons"
6.99646576307098e-05,2,"Clec16a","gene","excitatory neurons"
6.42804357803889e-06,3,"Cnih2","gene","excitatory neurons"
0.000320716239214837,3,"Cnpy1","gene","excitatory neurons"
0.000257296571286291,2,"Cox4i1","gene","excitatory neurons"
0.000421571100192786,4,"Crls1","gene","excitatory neurons"
0.000274068667129096,2,"Ctnnbl1","gene","excitatory neurons"
0.000208934193614307,2,"Cwf19l2","gene","excitatory neurons"
8.66348761813782e-05,3,"Cyb5d2","gene","excitatory neurons"
2.64635660141021e-05,3,"Czib","gene","excitatory neurons"
5.19915241506882e-05,2,"D230025D16Rik","gene","excitatory neurons"
0.00105548871090649,7,"Dcaf8","gene","excitatory neurons"
7.97958355695052e-06,3,"Ddi2","gene","excitatory neurons"
0.000174001195223697,2,"Dgcr6","gene","excitatory neurons"
0.000200365513549279,2,"Dlat","gene","excitatory neurons"
5.89376292412744e-06,3,"Dnajc19","gene","excitatory neurons"
0.000371386351204833,3,"Dntt","gene","excitatory neurons"
0.000469030615065673,2,"Dph5","gene","excitatory neurons"
0.000106693407682185,3,"Dpy30","gene","excitatory neurons"
3.08276529794716e-06,1,"Dram2","gene","excitatory neurons"
0.00107129436544909,3,"E4f1","TF","excitatory neurons"
2.26179439063907e-05,3,"E4f1","gene","excitatory neurons"
0.000214435879227837,2,"Eed","gene","excitatory neurons"
0.00018119380029351,2,"Eef1g","gene","excitatory neurons"
0.000327487521437515,2,"Eif3d","gene","excitatory neurons"
0.000852897756422803,4,"Eif3k","gene","excitatory neurons"
0.000265538979877163,2,"Eif4a2","gene","excitatory neurons"
0.000888490199560152,4,"Eif4b","gene","excitatory neurons"
0.00158526644511084,1,"Elp3","TF","excitatory neurons"
2.11200002499578e-06,3,"Elp3","gene","excitatory neurons"
2.6974832066547e-06,3,"Emc8","gene","excitatory neurons"
3.72738271890785e-06,1,"Epc2","gene","excitatory neurons"
0.000168522404512393,2,"Eprs","gene","excitatory neurons"
4.21929661593581e-05,3,"Esyt1","gene","excitatory neurons"
0.000245737174526591,2,"Etfdh","gene","excitatory neurons"
0.000401769430450151,3,"Etfrf1","gene","excitatory neurons"
3.7359945492583e-06,3,"Faap100","gene","excitatory neurons"
0.000751919488754721,4,"Faf1","gene","excitatory neurons"
1.0764798527803e-05,3,"Fam174b","gene","excitatory neurons"
7.06653094801271e-06,1,"Fam229b","gene","excitatory neurons"
0.000105777727653291,2,"Fkbp15","gene","excitatory neurons"
5.62318187480924e-05,3,"Fktn","gene","excitatory neurons"
7.41763177999266e-05,2,"Ggcx","gene","excitatory neurons"
5.7251443382167e-05,1,"Gm156","gene","excitatory neurons"
0.00117202595832884,4,"Gnl3","gene","excitatory neurons"
0.000203660361481215,4,"Golga7","gene","excitatory neurons"
0.000236596163248916,2,"H13","gene","excitatory neurons"
8.6857879295738e-06,1,"Hax1","gene","excitatory neurons"
0.000911843091766838,1,"Hmga1","TF","excitatory neurons"
4.39581087673217e-05,3,"Hmga1","gene","excitatory neurons"
0.000371762608850938,1,"Hmga1b","gene","excitatory neurons"
0.00119828349662188,1,"Hoxa10","TF","excitatory neurons"
4.73091204375606e-05,1,"Hoxa10","gene","excitatory neurons"
0.00115543874798243,1,"Hoxa9","TF","excitatory neurons"
0.000351170730823565,1,"Hoxa9","gene","excitatory neurons"
3.8843671152218e-06,3,"Hs2st1","gene","excitatory neurons"
0.00032922405189229,2,"Ift122","gene","excitatory neurons"
0.000113401833955886,2,"Ipo8","gene","excitatory neurons"
0.000438483659082007,2,"Itfg1","gene","excitatory neurons"
0.00135028611910257,7,"Kif1bp","gene","excitatory neurons"
1.96546853993877e-05,3,"Klc1","gene","excitatory neurons"
0.000304944763973529,3,"Klhdc9","gene","excitatory neurons"
0.000187521831502977,3,"Klre1","gene","excitatory neurons"
7.82203422708006e-05,1,"Klri1","gene","excitatory neurons"
5.2615886070049e-05,3,"Klri2","gene","excitatory neurons"
3.92577239349783e-06,1,"Kmt2a","gene","excitatory neurons"
5.14188135462491e-06,3,"Leo1","gene","excitatory neurons"
9.68796893832329e-06,1,"Lins1","gene","excitatory neurons"
1.34980197000375e-05,3,"Lrrcc1","gene","excitatory neurons"
0.000311955569277892,2,"Lsm4","gene","excitatory neurons"
2.48692995864468e-05,4,"Map4k1","gene","excitatory neurons"
3.25136756697449e-06,1,"Mbd4","gene","excitatory neurons"
0.000396275437436626,2,"Mcts1","gene","excitatory neurons"
0.00165519157482787,1,"Med1","TF","excitatory neurons"
0.00106424790106505,7,"Med1","gene","excitatory neurons"
0.000354402162856172,2,"Med29","gene","excitatory neurons"
0.000790239974513679,1,"Mef2c","TF","excitatory neurons"
0.000801002259101789,7,"Mef2c","gene","excitatory neurons"
0.000377314678703428,2,"Mks1","gene","excitatory neurons"
2.21958663024472e-05,1,"Mpc1","gene","excitatory neurons"
1.12135384255182e-05,3,"Mpnd","gene","excitatory neurons"
0.000344515211571931,2,"Mrfap1","gene","excitatory neurons"
4.60913993224573e-06,1,"Mrpl15","gene","excitatory neurons"
9.93935673423193e-06,3,"Mrps12","gene","excitatory neurons"
0.000234661722795152,2,"Mrps16","gene","excitatory neurons"
0.00161015856170924,3,"Myb","TF","excitatory neurons"
0.000114762797157782,3,"Myb","gene","excitatory neurons"
0.00096843193089213,3,"Myc","TF","excitatory neurons"
2.791462256583e-05,1,"Myc","gene","excitatory neurons"
1.16313256406222e-05,3,"Myo9a","gene","excitatory neurons"
0.00195480099362805,3,"Mzf1","TF","excitatory neurons"
0.00115908810293024,7,"Mzf1","gene","excitatory neurons"
0.00025040732747204,2,"Naa30","gene","excitatory neurons"
8.93537497155635e-05,2,"Naaladl2","gene","excitatory neurons"
0.000105082236908844,3,"Nap1l2","gene","excitatory neurons"
0.000296575449183764,2,"Nbr1","gene","excitatory neurons"
0.00164739527445121,1,"Ncoa5","TF","excitatory neurons"
1.32179763978835e-05,3,"Ncoa5","gene","excitatory neurons"
0.000206849161932005,2,"Ndfip2","gene","excitatory neurons"
1.16985093011708e-05,3,"Ndufab1","gene","excitatory neurons"
8.28281509320428e-06,3,"Ndufs5","gene","excitatory neurons"
1.48951875374662e-05,3,"Neurl4","gene","excitatory neurons"
0.00113087173424027,7,"Nme1","gene","excitatory neurons"
0.00037492151835252,2,"Nol6","gene","excitatory neurons"
0.00022556074241327,3,"Nrap","gene","excitatory neurons"
0.000518759183004912,4,"Nsun5","gene","excitatory neurons"
3.15898808772235e-05,3,"Nsun6","gene","excitatory neurons"
0.000920326449662555,4,"Nudt9","gene","excitatory neurons"
5.97220032866199e-06,1,"Paf1","gene","excitatory neurons"
0.000500548279505543,2,"Parg","gene","excitatory neurons"
0.00167442163451206,1,"Parp1","TF","excitatory neurons"
0.000543302408427689,4,"Parp1","gene","excitatory neurons"
0.00172073722005678,1,"Pbrm1","TF","excitatory neurons"
1.18280257745197e-05,3,"Pbrm1","gene","excitatory neurons"
6.07236454501692e-06,3,"Pcnx4","gene","excitatory neurons"
7.6724196238958e-06,3,"Pde4d","gene","excitatory neurons"
0.000201410197493937,2,"Pdpr","gene","excitatory neurons"
0.000332615697899518,2,"Pdss2","gene","excitatory neurons"
5.16794700626212e-05,3,"Phf6","gene","excitatory neurons"
1.85103410251739e-05,3,"Phf8","gene","excitatory neurons"
3.63056454571837e-06,3,"Phkb","gene","excitatory neurons"
3.80022007527564e-05,3,"Pigk","gene","excitatory neurons"
0.000695868836861982,4,"Pkn2","gene","excitatory neurons"
0.00109979134791657,7,"Ppp5c","gene","excitatory neurons"
0.000436024242410945,7,"Psmb6","gene","excitatory neurons"
0.000264369855599922,2,"Psmd8","gene","excitatory neurons"
0.000355256930897075,2,"Rad52","gene","excitatory neurons"
0.000166727450828282,2,"Ralgapa1","gene","excitatory neurons"
7.09194789697898e-06,3,"Rbm33","gene","excitatory neurons"
0.000689642142602741,4,"Riok2","gene","excitatory neurons"
0.000192750301265797,2,"Rnf111","gene","excitatory neurons"
0.000160529969877253,2,"Rnf139","gene","excitatory neurons"
7.78361349504928e-05,1,"Rps16","gene","excitatory neurons"
8.32879610145268e-06,3,"Rps6kl1","gene","excitatory neurons"
0.00194006035418128,3,"Runx1","TF","excitatory neurons"
0.000379262327978409,4,"Runx1","gene","excitatory neurons"
0.0350734779863404,6,"Sars2","gene","excitatory neurons"
8.45419569670613e-06,3,"Selenof","gene","excitatory neurons"
0.000882846596876091,4,"Senp8","gene","excitatory neurons"
0.000705869159595201,4,"Set","gene","excitatory neurons"
0.000839666259221769,1,"Setbp1","TF","excitatory neurons"
1.21455896572436e-05,3,"Setbp1","gene","excitatory neurons"
2.62331981129024e-05,3,"Sfr1","gene","excitatory neurons"
1.18411616022132e-06,1,"Slc31a1","gene","excitatory neurons"
0.000405753292082366,2,"Supt5","gene","excitatory neurons"
5.97715066366854e-05,3,"Taf13","gene","excitatory neurons"
0.000392562389118036,2,"Taf1a","gene","excitatory neurons"
0.00120262829093285,7,"Taf5","gene","excitatory neurons"
8.8001103673401e-06,3,"Taz","gene","excitatory neurons"
3.0314354273533e-06,1,"Tbc1d23","gene","excitatory neurons"
7.51548889298839e-05,4,"Tbc1d8","gene","excitatory neurons"
0.000247889218038857,2,"Tcea1","gene","excitatory neurons"
0.00309548275617587,3,"Tcf4","TF","excitatory neurons"
0.000455273601600365,4,"Tcf4","gene","excitatory neurons"
0.000325380299433092,2,"Tgds","gene","excitatory neurons"
0.000470749478268874,2,"Timm23","gene","excitatory neurons"
1.31806474676179e-05,1,"Tmem177","gene","excitatory neurons"
0.000213548840228556,2,"Tmtc3","gene","excitatory neurons"
2.7928747651912e-05,3,"Tomm7","gene","excitatory neurons"
0.00076793417179947,4,"Trappc5","gene","excitatory neurons"
4.95390825731171e-05,1,"Trex1","gene","excitatory neurons"
1.51682343849127e-05,3,"Tsen2","gene","excitatory neurons"
2.24958485236092e-06,1,"Ttc23","gene","excitatory neurons"
0.000328068848095916,2,"Tti2","gene","excitatory neurons"
7.61848132359102e-07,1,"Tube1","gene","excitatory neurons"
0.000287787620136368,2,"Txnl1","gene","excitatory neurons"
0.000354065554806335,2,"Ubr1","gene","excitatory neurons"
0.000529663278832788,4,"Usp31","gene","excitatory neurons"
0.000199277319276042,2,"Usp48","gene","excitatory neurons"
0.000273012454335517,2,"Utp14a","gene","excitatory neurons"
0.00072048524582529,4,"Utp14b","gene","excitatory neurons"
9.03878696302738e-06,1,"Utp25","gene","excitatory neurons"
4.12817835413545e-05,3,"Vamp8","gene","excitatory neurons"
1.57147051216532e-05,3,"Wdr7","gene","excitatory neurons"
0.00016553618658302,2,"Zc3h10","gene","excitatory neurons"
0.000279261240547103,2,"Zc3h15","gene","excitatory neurons"
0.00267644591424368,3,"Zeb1","TF","excitatory neurons"
0.000398106696940986,7,"Zeb1","gene","excitatory neurons"
0.000400849382732834,2,"Zfp330","gene","excitatory neurons"
2.94331747731838e-05,3,"Zmat2","gene","excitatory neurons"
0.000151042896625879,4,"Znhit6","gene","excitatory neurons"
0.00040656808183916,2,"Zzef1","gene","excitatory neurons"
1.24577534383165e-05,2,"1700016H13Rik","gene","fibro cortex"
6.42809444963161e-05,2,"2510039O18Rik","gene","fibro cortex"
0.000577478480907122,4,"4922502D21Rik","gene","fibro cortex"
0.000486609570131263,2,"4930579G24Rik","gene","fibro cortex"
0.000539373029520565,2,"Aasdh","gene","fibro cortex"
0.000566612843277458,4,"Abcc10","gene","fibro cortex"
2.8992544642969e-05,1,"Abt1","gene","fibro cortex"
1.76321989953598e-05,2,"Aff1","gene","fibro cortex"
0.000319258351051088,1,"Anapc7","gene","fibro cortex"
7.78118505045052e-06,1,"Anp32a","gene","fibro cortex"
0.00151340592074172,1,"Apex1","TF","fibro cortex"
0.000345672560834166,1,"Apex1","gene","fibro cortex"
1.88469299805383e-05,2,"Apopt1","gene","fibro cortex"
7.85214387213973e-05,2,"Arl5b","gene","fibro cortex"
2.27236028318571e-05,1,"Asb7","gene","fibro cortex"
9.06630187132442e-06,1,"Bag5","gene","fibro cortex"
0.00297451560480134,2,"Bcl11a","TF","fibro cortex"
0.0003763573626202,3,"Bcl11a","gene","fibro cortex"
1.28697516120974e-05,1,"Bet1l","gene","fibro cortex"
1.34348288763415e-05,1,"Bmp5","gene","fibro cortex"
0.00141585243056678,1,"Brca1","TF","fibro cortex"
0.000591826111076668,1,"Brca1","gene","fibro cortex"
0.000772800151153967,4,"Casc1","gene","fibro cortex"
1.13765533893179e-05,2,"Ccdc174","gene","fibro cortex"
0.000190494376495932,2,"Ccdc184","gene","fibro cortex"
0.000450785560130574,3,"Cdk8","gene","fibro cortex"
0.000157051165160381,1,"Cdkn2c","gene","fibro cortex"
0.000976825880299917,1,"Cebpb","TF","fibro cortex"
0.000491384963087658,2,"Cebpb","gene","fibro cortex"
1.67007977419269e-05,2,"Cep192","gene","fibro cortex"
8.52597352098311e-06,1,"Cep290","gene","fibro cortex"
1.20421427763471e-05,1,"Cept1","gene","fibro cortex"
9.20681417094666e-05,1,"Chek1","gene","fibro cortex"
1.09327119136495e-05,1,"Cherp","gene","fibro cortex"
8.9213702011249e-06,1,"Ciao3","gene","fibro cortex"
8.54798654871403e-06,1,"Clec16a","gene","fibro cortex"
5.22698981269874e-05,1,"Cnih2","gene","fibro cortex"
0.000443283911228103,1,"Cnpy1","gene","fibro cortex"
6.898262608787e-06,1,"Cox4i1","gene","fibro cortex"
3.6621417202739e-05,1,"Crls1","gene","fibro cortex"
0.000715468213233258,4,"Ctnnbl1","gene","fibro cortex"
0.00032248355903953,3,"Cwf19l2","gene","fibro cortex"
0.000142073417612908,2,"Cyb5d2","gene","fibro cortex"
1.50864042649171e-05,1,"Czib","gene","fibro cortex"
4.73484378787045e-05,1,"D230025D16Rik","gene","fibro cortex"
0.000664356221725672,4,"Dcaf8","gene","fibro cortex"
7.75726649666146e-06,1,"Ddi2","gene","fibro cortex"
1.14586549124481e-05,2,"Dgcr6","gene","fibro cortex"
3.05161560320296e-05,1,"Dlat","gene","fibro cortex"
6.22075346255716e-06,1,"Dnajc19","gene","fibro cortex"
4.73171647741007e-05,2,"Dntt","gene","fibro cortex"
5.16727037774398e-05,2,"Dph5","gene","fibro cortex"
0.00042241677218233,4,"Dpy30","gene","fibro cortex"
6.65062480422718e-06,1,"Dram2","gene","fibro cortex"
0.00137587141718554,2,"E4f1","TF","fibro cortex"
2.14170567384831e-05,2,"E4f1","gene","fibro cortex"
1.10936502845307e-05,1,"Eed","gene","fibro cortex"
6.48652816391956e-06,1,"Eef1g","gene","fibro cortex"
5.2075445322651e-05,1,"Eif3d","gene","fibro cortex"
0.000698209680065592,3,"Eif3k","gene","fibro cortex"
6.10799679448408e-06,1,"Eif4a2","gene","fibro cortex"
0.000806599182216623,3,"Eif4b","gene","fibro cortex"
0.0015289124972784,1,"Elp3","TF","fibro cortex"
1.00111443354665e-05,1,"Elp3","gene","fibro cortex"
7.71923328099929e-06,2,"Emc8","gene","fibro cortex"
1.62930208300621e-05,2,"Epc2","gene","fibro cortex"
6.73619197883291e-06,1,"Eprs","gene","fibro cortex"
1.79994436951166e-05,1,"Esyt1","gene","fibro cortex"
5.8180296657815e-06,1,"Etfdh","gene","fibro cortex"
0.000142094397083721,2,"Etfrf1","gene","fibro cortex"
5.30327193239575e-05,1,"Faap100","gene","fibro cortex"
0.000588888804684005,3,"Faf1","gene","fibro cortex"
0.000513205853085483,2,"Fam174b","gene","fibro cortex"
0.000366805201861447,2,"Fam229b","gene","fibro cortex"
7.93186829586165e-06,1,"Fkbp15","gene","fibro cortex"
1.60131552591411e-05,2,"Fktn","gene","fibro cortex"
1.09973361535086e-05,1,"Ggcx","gene","fibro cortex"
0.000415586782184172,2,"Gm156","gene","fibro cortex"
0.000955170326365045,3,"Gnl3","gene","fibro cortex"
2.11755678156168e-05,1,"Golga7","gene","fibro cortex"
9.16819683011498e-06,2,"H13","gene","fibro cortex"
1.35935481336053e-05,1,"Hax1","gene","fibro cortex"
0.00108847593745467,1,"Hmga1","TF","fibro cortex"
9.89309538869851e-05,2,"Hmga1","gene","fibro cortex"
6.08638404741728e-06,2,"Hmga1b","gene","fibro cortex"
0.00129489232653828,1,"Hoxa10","TF","fibro cortex"
1.29471826428717e-05,2,"Hoxa10","gene","fibro cortex"
0.00126292639431967,1,"Hoxa9","TF","fibro cortex"
0.000144725329589395,3,"Hoxa9","gene","fibro cortex"
7.10009101364686e-06,2,"Hs2st1","gene","fibro cortex"
7.14911717881795e-05,2,"Ift122","gene","fibro cortex"
2.73808082254588e-05,1,"Ipo8","gene","fibro cortex"
3.18282861237691e-05,2,"Itfg1","gene","fibro cortex"
0.000793108944804009,4,"Kif1bp","gene","fibro cortex"
6.68619760999656e-06,1,"Klc1","gene","fibro cortex"
0.000448598026241778,2,"Klhdc9","gene","fibro cortex"
0.000349738728428699,1,"Klre1","gene","fibro cortex"
5.06509995502246e-06,2,"Klri1","gene","fibro cortex"
4.3308189532528e-06,2,"Klri2","gene","fibro cortex"
6.2762487858509e-06,1,"Kmt2a","gene","fibro cortex"
0.00033290739824461,2,"Leo1","gene","fibro cortex"
0.000436153887097289,1,"Lins1","gene","fibro cortex"
0.000115437254121652,2,"Lrrcc1","gene","fibro cortex"
4.6747512431643e-05,2,"Lsm4","gene","fibro cortex"
6.83114870124839e-05,1,"Map4k1","gene","fibro cortex"
1.04185700941548e-05,1,"Mbd4","gene","fibro cortex"
0.000533576197992173,4,"Mcts1","gene","fibro cortex"
0.00150931608126259,1,"Med1","TF","fibro cortex"
0.000675394604081588,4,"Med1","gene","fibro cortex"
0.00012465086735619,2,"Med29","gene","fibro cortex"
0.000937538060634589,1,"Mef2c","TF","fibro cortex"
1.41457184181622e-05,1,"Mef2c","gene","fibro cortex"
4.78258069437747e-05,2,"Mks1","gene","fibro cortex"
1.54859322115627e-05,1,"Mpc1","gene","fibro cortex"
0.000533012906363718,2,"Mpnd","gene","fibro cortex"
1.68230792901765e-05,2,"Mrfap1","gene","fibro cortex"
5.96401204349819e-05,2,"Mrpl15","gene","fibro cortex"
7.37380466076208e-05,1,"Mrps12","gene","fibro cortex"
2.72306609283749e-05,2,"Mrps16","gene","fibro cortex"
0.00111161966841466,2,"Myb","TF","fibro cortex"
0.000123420047023653,1,"Myb","gene","fibro cortex"
0.0270498312515414,3,"Myc","TF","fibro cortex"
0.000465480624702331,4,"Myc","gene","fibro cortex"
8.19231537100232e-06,2,"Myo9a","gene","fibro cortex"
0.00191437625596863,2,"Mzf1","TF","fibro cortex"
0.000695024353969283,4,"Mzf1","gene","fibro cortex"
9.04705580224517e-06,1,"Naa30","gene","fibro cortex"
6.53707201256997e-06,1,"Naaladl2","gene","fibro cortex"
0.000470179561053317,2,"Nap1l2","gene","fibro cortex"
7.2515855779416e-06,1,"Nbr1","gene","fibro cortex"
0.00157720997573027,1,"Ncoa5","TF","fibro cortex"
7.42185022292532e-06,1,"Ncoa5","gene","fibro cortex"
9.18707341277507e-06,1,"Ndfip2","gene","fibro cortex"
1.92203993124861e-05,1,"Ndufab1","gene","fibro cortex"
0.000217523606551596,1,"Ndufs5","gene","fibro cortex"
1.034929448178e-05,1,"Neurl4","gene","fibro cortex"
2.13004992249096e-05,1,"Nme1","gene","fibro cortex"
2.32421427198748e-05,1,"Nol6","gene","fibro cortex"
0.000287805756206579,2,"Nrap","gene","fibro cortex"
0.000526376983054151,3,"Nsun5","gene","fibro cortex"
1.35419549801847e-05,2,"Nsun6","gene","fibro cortex"
0.000752237434804393,3,"Nudt9","gene","fibro cortex"
0.000445366887426733,1,"Paf1","gene","fibro cortex"
5.14040522296015e-06,1,"Parg","gene","fibro cortex"
0.00147559657897953,1,"Parp1","TF","fibro cortex"
0.000527579501742718,3,"Parp1","gene","fibro cortex"
0.00153185231116117,1,"Pbrm1","TF","fibro cortex"
6.45391484835e-06,1,"Pbrm1","gene","fibro cortex"
5.81519095261712e-06,1,"Pcnx4","gene","fibro cortex"
8.24790611587932e-06,1,"Pde4d","gene","fibro cortex"
0.00028772937585351,3,"Pdpr","gene","fibro cortex"
1.06233382611642e-05,2,"Pdss2","gene","fibro cortex"
1.12341270913774e-05,2,"Phf6","gene","fibro cortex"
1.75866572968495e-05,1,"Phf8","gene","fibro cortex"
4.92536697414133e-06,1,"Phkb","gene","fibro cortex"
9.93803028057117e-06,1,"Pigk","gene","fibro cortex"
0.000592959990763554,3,"Pkn2","gene","fibro cortex"
2.18223306755253e-05,1,"Ppp5c","gene","fibro cortex"
1.25964465582441e-05,1,"Psmb6","gene","fibro cortex"
0.000112364572551359,2,"Psmd8","gene","fibro cortex"
0.000719605469489813,4,"Rad52","gene","fibro cortex"
9.29262108089366e-06,1,"Ralgapa1","gene","fibro cortex"
9.45214384853748e-06,2,"Rbm33","gene","fibro cortex"
0.000696060030402616,3,"Riok2","gene","fibro cortex"
1.6390498365093e-05,1,"Rnf111","gene","fibro cortex"
5.76537692533624e-06,1,"Rnf139","gene","fibro cortex"
2.13336618562885e-05,1,"Rps16","gene","fibro cortex"
1.03935962251074e-05,1,"Rps6kl1","gene","fibro cortex"
0.0017832711613754,2,"Runx1","TF","fibro cortex"
0.000328678142372359,2,"Runx1","gene","fibro cortex"
5.97085773840705e-05,2,"Sars2","gene","fibro cortex"
4.70365172778728e-06,1,"Selenof","gene","fibro cortex"
0.00079417143430497,3,"Senp8","gene","fibro cortex"
0.000544186694989884,3,"Set","gene","fibro cortex"
0.00085402495282785,1,"Setbp1","TF","fibro cortex"
1.18807269981317e-05,2,"Setbp1","gene","fibro cortex"
1.42014758319478e-05,1,"Sfr1","gene","fibro cortex"
2.80775362203088e-05,1,"Slc31a1","gene","fibro cortex"
1.42908411250966e-05,1,"Supt5","gene","fibro cortex"
3.06042055115265e-05,2,"Taf13","gene","fibro cortex"
6.5330607903744e-05,1,"Taf1a","gene","fibro cortex"
0.000714502978953396,4,"Taf5","gene","fibro cortex"
8.1107256946392e-06,1,"Taz","gene","fibro cortex"
6.41366340052204e-06,1,"Tbc1d23","gene","fibro cortex"
8.71455196980462e-06,1,"Tbc1d8","gene","fibro cortex"
3.64768544796228e-05,2,"Tcea1","gene","fibro cortex"
0.00215337025892988,2,"Tcf4","TF","fibro cortex"
1.05296682956122e-05,1,"Tcf4","gene","fibro cortex"
1.56357897245095e-05,2,"Tgds","gene","fibro cortex"
1.90242624231153e-05,2,"Timm23","gene","fibro cortex"
4.03881554077145e-05,2,"Tmem177","gene","fibro cortex"
4.87945847205229e-05,2,"Tmtc3","gene","fibro cortex"
0.000558073207353975,3,"Tomm7","gene","fibro cortex"
0.000756536784602502,3,"Trappc5","gene","fibro cortex"
2.32229410564346e-05,2,"Trex1","gene","fibro cortex"
1.4018880935104e-05,1,"Tsen2","gene","fibro cortex"
1.21186743057857e-05,1,"Ttc23","gene","fibro cortex"
0.000360898319450092,1,"Tti2","gene","fibro cortex"
4.50480654174812e-05,2,"Tube1","gene","fibro cortex"
7.9680086393992e-06,1,"Txnl1","gene","fibro cortex"
2.20718934784071e-05,2,"Ubr1","gene","fibro cortex"
0.000409565575761588,3,"Usp31","gene","fibro cortex"
7.12427299414636e-06,1,"Usp48","gene","fibro cortex"
6.49907793211343e-06,1,"Utp14a","gene","fibro cortex"
0.00069519299884329,3,"Utp14b","gene","fibro cortex"
6.71747475644068e-06,1,"Utp25","gene","fibro cortex"
0.000403372884968343,2,"Vamp8","gene","fibro cortex"
7.80121195641944e-06,1,"Wdr7","gene","fibro cortex"
0.00041038992165823,2,"Zc3h10","gene","fibro cortex"
0.000461256877477775,3,"Zc3h15","gene","fibro cortex"
0.00198915095986924,2,"Zeb1","TF","fibro cortex"
6.97220536850051e-06,1,"Zeb1","gene","fibro cortex"
1.62970068960447e-05,1,"Zfp330","gene","fibro cortex"
1.46046689522119e-05,2,"Zmat2","gene","fibro cortex"
2.5194711493163e-05,1,"Znhit6","gene","fibro cortex"
1.47611291234e-05,2,"Zzef1","gene","fibro cortex"
7.12772491889498e-06,1,"1700016H13Rik","gene","inhibitory neurons"
6.71522090104193e-06,1,"2510039O18Rik","gene","inhibitory neurons"
0.000581283782879899,1,"4922502D21Rik","gene","inhibitory neurons"
0.000531132857971106,2,"4930579G24Rik","gene","inhibitory neurons"
7.11444680143406e-06,2,"Aasdh","gene","inhibitory neurons"
0.000453541647804737,3,"Abcc10","gene","inhibitory neurons"
0.000175713147942451,2,"Abt1","gene","inhibitory neurons"
1.96638727914903e-05,2,"Aff1","gene","inhibitory neurons"
2.56348786969072e-05,2,"Anapc7","gene","inhibitory neurons"
0.00099258766713436,6,"Anp32a","gene","inhibitory neurons"
0.0015050384851551,1,"Apex1","TF","inhibitory neurons"
4.26217080853309e-06,1,"Apex1","gene","inhibitory neurons"
3.98970757434108e-06,1,"Apopt1","gene","inhibitory neurons"
3.26312116930996e-05,2,"Arl5b","gene","inhibitory neurons"
5.36865307231288e-06,1,"Asb7","gene","inhibitory neurons"
9.23787169899689e-05,2,"Bag5","gene","inhibitory neurons"
0.00242133417624126,2,"Bcl11a","TF","inhibitory neurons"
0.00124015302980162,6,"Bcl11a","gene","inhibitory neurons"
0.000106719316474648,2,"Bet1l","gene","inhibitory neurons"
0.000489706590057148,1,"Bmp5","gene","inhibitory neurons"
0.00152326751076683,1,"Brca1","TF","inhibitory neurons"
9.11289629840089e-05,2,"Brca1","gene","inhibitory neurons"
5.20615287430394e-05,1,"Casc1","gene","inhibitory neurons"
0.000358723994512925,4,"Ccdc174","gene","inhibitory neurons"
1.02648192125486e-05,1,"Ccdc184","gene","inhibitory neurons"
0.00136263582352572,6,"Cdk8","gene","inhibitory neurons"
0.000376595122599388,2,"Cdkn2c","gene","inhibitory neurons"
0.000934196078877319,1,"Cebpb","TF","inhibitory neurons"
4.40796758334341e-05,2,"Cebpb","gene","inhibitory neurons"
4.34159061603945e-06,1,"Cep192","gene","inhibitory neurons"
0.000709169023154179,4,"Cep290","gene","inhibitory neurons"
1.60394250709826e-05,2,"Cept1","gene","inhibitory neurons"
4.02100781780018e-05,2,"Chek1","gene","inhibitory neurons"
0.000200902898946673,4,"Cherp","gene","inhibitory neurons"
1.56531248624837e-05,2,"Ciao3","gene","inhibitory neurons"
1.08957522342883e-05,2,"Clec16a","gene","inhibitory neurons"
2.50664202735353e-05,2,"Cnih2","gene","inhibitory neurons"
0.000457250369586641,2,"Cnpy1","gene","inhibitory neurons"
1.97457130813105e-05,2,"Cox4i1","gene","inhibitory neurons"
0.00038027881203799,4,"Crls1","gene","inhibitory neurons"
0.00064041679893052,3,"Ctnnbl1","gene","inhibitory neurons"
0.000127542748456512,4,"Cwf19l2","gene","inhibitory neurons"
1.20399477057746e-05,1,"Cyb5d2","gene","inhibitory neurons"
3.62659483466472e-06,1,"Czib","gene","inhibitory neurons"
0.000412369917822283,6,"D230025D16Rik","gene","inhibitory neurons"
0.00058057541686943,3,"Dcaf8","gene","inhibitory neurons"
5.05675837774769e-06,2,"Ddi2","gene","inhibitory neurons"
7.8138668181443e-05,1,"Dgcr6","gene","inhibitory neurons"
6.57992473888806e-06,2,"Dlat","gene","inhibitory neurons"
0.000874256679525687,6,"Dnajc19","gene","inhibitory neurons"
0.000320068271938413,1,"Dntt","gene","inhibitory neurons"
4.28508613283494e-06,2,"Dph5","gene","inhibitory neurons"
0.000343359351036922,3,"Dpy30","gene","inhibitory neurons"
5.15173823720764e-06,2,"Dram2","gene","inhibitory neurons"
0.0016317351211453,2,"E4f1","TF","inhibitory neurons"
1.6883328679171e-05,2,"E4f1","gene","inhibitory neurons"
0.000306221449217337,4,"Eed","gene","inhibitory neurons"
2.8380503140164e-06,1,"Eef1g","gene","inhibitory neurons"
1.21926494340756e-05,1,"Eif3d","gene","inhibitory neurons"
2.29287772861811e-05,1,"Eif3k","gene","inhibitory neurons"
1.89383538223733e-05,2,"Eif4a2","gene","inhibitory neurons"
0.000617613521366863,3,"Eif4b","gene","inhibitory neurons"
0.00148527820432706,1,"Elp3","TF","inhibitory neurons"
0.000892333635214182,6,"Elp3","gene","inhibitory neurons"
2.18650352759277e-05,2,"Emc8","gene","inhibitory neurons"
7.96802498598981e-06,2,"Epc2","gene","inhibitory neurons"
3.23826197765055e-06,2,"Eprs","gene","inhibitory neurons"
0.000517244897227364,2,"Esyt1","gene","inhibitory neurons"
6.49277842136919e-06,1,"Etfdh","gene","inhibitory neurons"
4.4322523925491e-06,1,"Etfrf1","gene","inhibitory neurons"
0.00083779035133852,6,"Faap100","gene","inhibitory neurons"
1.18536608067612e-05,2,"Faf1","gene","inhibitory neurons"
1.26622559073136e-05,2,"Fam174b","gene","inhibitory neurons"
5.07172589615958e-06,1,"Fam229b","gene","inhibitory neurons"
4.63865379168186e-06,2,"Fkbp15","gene","inhibitory neurons"
9.18102174163344e-06,1,"Fktn","gene","inhibitory neurons"
9.21024447843213e-06,1,"Ggcx","gene","inhibitory neurons"
0.000237832012602062,3,"Gm156","gene","inhibitory neurons"
3.11812075775275e-05,2,"Gnl3","gene","inhibitory neurons"
9.88705091691037e-06,2,"Golga7","gene","inhibitory neurons"
1.00607707360209e-05,1,"H13","gene","inhibitory neurons"
6.93421006926898e-05,2,"Hax1","gene","inhibitory neurons"
0.00112736043147978,1,"Hmga1","TF","inhibitory neurons"
0.000537002548460876,1,"Hmga1","gene","inhibitory neurons"
0.00031698794146027,1,"Hmga1b","gene","inhibitory neurons"
0.00135340438182354,1,"Hoxa10","TF","inhibitory neurons"
2.58387085498538e-06,1,"Hoxa10","gene","inhibitory neurons"
0.00128747139101387,1,"Hoxa9","TF","inhibitory neurons"
5.1311901190141e-06,1,"Hoxa9","gene","inhibitory neurons"
0.000834550440707605,6,"Hs2st1","gene","inhibitory neurons"
0.00110202006142788,6,"Ift122","gene","inhibitory neurons"
1.68475824716499e-05,2,"Ipo8","gene","inhibitory neurons"
6.05425145720477e-06,1,"Itfg1","gene","inhibitory neurons"
0.00076039333622784,3,"Kif1bp","gene","inhibitory neurons"
1.11279462255836e-05,2,"Klc1","gene","inhibitory neurons"
0.000191255411345913,2,"Klhdc9","gene","inhibitory neurons"
0.000125859627212692,2,"Klre1","gene","inhibitory neurons"
0.000207870150853142,4,"Klri1","gene","inhibitory neurons"
0.000669783330960813,4,"Klri2","gene","inhibitory neurons"
5.96578737242445e-06,2,"Kmt2a","gene","inhibitory neurons"
7.49361705960241e-05,2,"Leo1","gene","inhibitory neurons"
5.29488330329084e-06,1,"Lins1","gene","inhibitory neurons"
2.19037636776223e-05,2,"Lrrcc1","gene","inhibitory neurons"
4.0015128449125e-05,2,"Lsm4","gene","inhibitory neurons"
0.000560424612518465,1,"Map4k1","gene","inhibitory neurons"
2.01244916848975e-05,1,"Mbd4","gene","inhibitory neurons"
0.000459673591126808,3,"Mcts1","gene","inhibitory neurons"
0.00158837006871669,1,"Med1","TF","inhibitory neurons"
0.000592393430770964,3,"Med1","gene","inhibitory neurons"
2.30884393543342e-05,2,"Med29","gene","inhibitory neurons"
0.000917547962240883,1,"Mef2c","TF","inhibitory neurons"
0.000440571420191748,3,"Mef2c","gene","inhibitory neurons"
0.00031449466597698,2,"Mks1","gene","inhibitory neurons"
0.000783648415175925,6,"Mpc1","gene","inhibitory neurons"
2.35060690105726e-06,1,"Mpnd","gene","inhibitory neurons"
0.000232286849729993,4,"Mrfap1","gene","inhibitory neurons"
8.6907553837082e-06,2,"Mrpl15","gene","inhibitory neurons"
9.26771276469313e-06,1,"Mrps12","gene","inhibitory neurons"
5.55176003573973e-06,1,"Mrps16","gene","inhibitory neurons"
0.000786332154160952,2,"Myb","TF","inhibitory neurons"
0.000114882544299217,2,"Myb","gene","inhibitory neurons"
0.000734281901665812,2,"Myc","TF","inhibitory neurons"
1.15366064657143e-05,1,"Myc","gene","inhibitory neurons"
1.30506600364084e-05,2,"Myo9a","gene","inhibitory neurons"
0.00137228931565346,2,"Mzf1","TF","inhibitory neurons"
0.000639836754259269,3,"Mzf1","gene","inhibitory neurons"
3.19977862238445e-05,2,"Naa30","gene","inhibitory neurons"
0.000227328023000476,4,"Naaladl2","gene","inhibitory neurons"
0.000271936508708035,2,"Nap1l2","gene","inhibitory neurons"
5.94447089585752e-06,2,"Nbr1","gene","inhibitory neurons"
0.00156486542337583,1,"Ncoa5","TF","inhibitory neurons"
4.38146587154993e-06,1,"Ncoa5","gene","inhibitory neurons"
1.27905185816121e-05,2,"Ndfip2","gene","inhibitory neurons"
7.58256804879001e-06,2,"Ndufab1","gene","inhibitory neurons"
2.58286705079062e-06,1,"Ndufs5","gene","inhibitory neurons"
3.3636505014998e-05,2,"Neurl4","gene","inhibitory neurons"
0.000628969847689917,3,"Nme1","gene","inhibitory neurons"
8.85212324013082e-06,1,"Nol6","gene","inhibitory neurons"
0.000555754402877941,2,"Nrap","gene","inhibitory neurons"
0.000232993100296683,4,"Nsun5","gene","inhibitory neurons"
0.000559379181122347,4,"Nsun6","gene","inhibitory neurons"
8.52339346224656e-05,2,"Nudt9","gene","inhibitory neurons"
0.000338414099261182,6,"Paf1","gene","inhibitory neurons"
2.06847833223479e-06,1,"Parg","gene","inhibitory neurons"
0.00155623900950714,1,"Parp1","TF","inhibitory neurons"
0.000584460066677836,3,"Parp1","gene","inhibitory neurons"
0.00163664960495531,1,"Pbrm1","TF","inhibitory neurons"
1.36771369751627e-05,2,"Pbrm1","gene","inhibitory neurons"
1.39006733004208e-05,1,"Pcnx4","gene","inhibitory neurons"
0.000472544117330284,4,"Pde4d","gene","inhibitory neurons"
1.13626661046692e-05,2,"Pdpr","gene","inhibitory neurons"
7.99662092047963e-06,2,"Pdss2","gene","inhibitory neurons"
2.55108791890509e-06,1,"Phf6","gene","inhibitory neurons"
0.000631397503369393,4,"Phf8","gene","inhibitory neurons"
2.9489239105032e-06,1,"Phkb","gene","inhibitory neurons"
0.000453901739829349,4,"Pigk","gene","inhibitory neurons"
1.39450051703189e-05,2,"Pkn2","gene","inhibitory neurons"
0.000609037116184987,3,"Ppp5c","gene","inhibitory neurons"
3.34084643624832e-05,1,"Psmb6","gene","inhibitory neurons"
0.000597066041279824,3,"Psmd8","gene","inhibitory neurons"
0.000654161815588612,3,"Rad52","gene","inhibitory neurons"
0.000895485036834972,4,"Ralgapa1","gene","inhibitory neurons"
2.53595465163883e-06,1,"Rbm33","gene","inhibitory neurons"
1.58700582920839e-05,2,"Riok2","gene","inhibitory neurons"
7.43735449292939e-06,1,"Rnf111","gene","inhibitory neurons"
3.01620223582805e-06,1,"Rnf139","gene","inhibitory neurons"
1.42308520094572e-05,1,"Rps16","gene","inhibitory neurons"
4.90359348891601e-06,1,"Rps6kl1","gene","inhibitory neurons"
0.00149688051662547,2,"Runx1","TF","inhibitory neurons"
0.00066951195505864,2,"Runx1","gene","inhibitory neurons"
0.000111812076189799,1,"Sars2","gene","inhibitory neurons"
1.99797063958143e-05,2,"Selenof","gene","inhibitory neurons"
3.24679835126429e-05,2,"Senp8","gene","inhibitory neurons"
1.18959016911076e-05,1,"Set","gene","inhibitory neurons"
0.000759376546964859,1,"Setbp1","TF","inhibitory neurons"
8.68365585097965e-06,2,"Setbp1","gene","inhibitory neurons"
3.93712385603323e-05,2,"Sfr1","gene","inhibitory neurons"
5.21938289383504e-06,1,"Slc31a1","gene","inhibitory neurons"
0.000169733790326203,4,"Supt5","gene","inhibitory neurons"
8.80072774811289e-05,2,"Taf13","gene","inhibitory neurons"
0.000427886196739308,4,"Taf1a","gene","inhibitory neurons"
0.000108882898945403,1,"Taf5","gene","inhibitory neurons"
2.82704697759917e-06,1,"Taz","gene","inhibitory neurons"
8.38943937702391e-06,2,"Tbc1d23","gene","inhibitory neurons"
1.93698941670042e-06,1,"Tbc1d8","gene","inhibitory neurons"
3.69163709180323e-06,1,"Tcea1","gene","inhibitory neurons"
0.00225381459109004,2,"Tcf4","TF","inhibitory neurons"
0.000187144091899336,4,"Tcf4","gene","inhibitory neurons"
0.000529282220160439,4,"Tgds","gene","inhibitory neurons"
3.44330934933597e-06,1,"Timm23","gene","inhibitory neurons"
4.64748961796005e-06,1,"Tmem177","gene","inhibitory neurons"
3.40250685135621e-06,1,"Tmtc3","gene","inhibitory neurons"
4.08945653916566e-05,2,"Tomm7","gene","inhibitory neurons"
9.36858908265952e-06,1,"Trappc5","gene","inhibitory neurons"
6.94488729696867e-06,2,"Trex1","gene","inhibitory neurons"
1.25253609549497e-05,1,"Tsen2","gene","inhibitory neurons"
0.000222299038738495,1,"Ttc23","gene","inhibitory neurons"
1.08462926494562e-05,1,"Tti2","gene","inhibitory neurons"
3.62422930160486e-05,2,"Tube1","gene","inhibitory neurons"
9.28751675132296e-05,4,"Txnl1","gene","inhibitory neurons"
9.21410204297147e-06,2,"Ubr1","gene","inhibitory neurons"
5.18915396311852e-06,2,"Usp31","gene","inhibitory neurons"
1.24205311880325e-05,2,"Usp48","gene","inhibitory neurons"
8.65004945211287e-06,1,"Utp14a","gene","inhibitory neurons"
5.06411782950095e-06,2,"Utp14b","gene","inhibitory neurons"
2.42357879477492e-06,1,"Utp25","gene","inhibitory neurons"
9.05176638919624e-05,2,"Vamp8","gene","inhibitory neurons"
7.11951603866363e-06,2,"Wdr7","gene","inhibitory neurons"
7.09015515462009e-05,2,"Zc3h10","gene","inhibitory neurons"
7.32310141145621e-06,2,"Zc3h15","gene","inhibitory neurons"
0.00192924863619595,2,"Zeb1","TF","inhibitory neurons"
5.22423478568988e-06,1,"Zeb1","gene","inhibitory neurons"
0.000184011914240365,4,"Zfp330","gene","inhibitory neurons"
8.45385258054758e-06,1,"Zmat2","gene","inhibitory neurons"
2.49876735374009e-05,2,"Znhit6","gene","inhibitory neurons"
5.16135373711268e-06,2,"Zzef1","gene","inhibitory neurons"
2.64267653773382e-05,1,"1700016H13Rik","gene","microglia"
6.54264285958541e-05,1,"2510039O18Rik","gene","microglia"
3.69697525426057e-05,1,"4922502D21Rik","gene","microglia"
3.59659500821788e-05,1,"4930579G24Rik","gene","microglia"
0.000721806117965869,4,"Aasdh","gene","microglia"
0.000254826382191184,1,"Abcc10","gene","microglia"
0.000368543444841654,4,"Abt1","gene","microglia"
0.000116617672353129,3,"Aff1","gene","microglia"
0.000338575295853341,1,"Anapc7","gene","microglia"
0.00026486369526466,1,"Anp32a","gene","microglia"
0.00209978057992156,1,"Apex1","TF","microglia"
0.000369162614877871,1,"Apex1","gene","microglia"
0.000225273053985296,1,"Apopt1","gene","microglia"
0.00149155385522133,5,"Arl5b","gene","microglia"
0.000172458913659551,3,"Asb7","gene","microglia"
0.000139184081366699,1,"Bag5","gene","microglia"
0.00261143090032704,3,"Bcl11a","TF","microglia"
0.000946918277234976,5,"Bcl11a","gene","microglia"
0.00013298158439176,2,"Bet1l","gene","microglia"
0.000118840699547193,4,"Bmp5","gene","microglia"
0.00202888095249667,1,"Brca1","TF","microglia"
0.000450618198153716,1,"Brca1","gene","microglia"
0.000162043939692796,3,"Casc1","gene","microglia"
0.000243243404301698,1,"Ccdc174","gene","microglia"
1.14442841111102e-05,1,"Ccdc184","gene","microglia"
0.000951230938394824,5,"Cdk8","gene","microglia"
0.000210267168063417,3,"Cdkn2c","gene","microglia"
0.000333371165453203,1,"Cebpb","TF","microglia"
0.000115701531955863,3,"Cebpb","gene","microglia"
7.30017393243092e-05,1,"Cep192","gene","microglia"
0.000625186576468124,2,"Cep290","gene","microglia"
6.01173491743169e-05,3,"Cept1","gene","microglia"
0.000180087327249591,3,"Chek1","gene","microglia"
2.09281223798478e-05,1,"Cherp","gene","microglia"
0.000175434585555387,5,"Ciao3","gene","microglia"
1.66619775972193e-05,1,"Clec16a","gene","microglia"
0.000163394051488162,3,"Cnih2","gene","microglia"
0.000300093675762949,4,"Cnpy1","gene","microglia"
9.32821823402927e-05,3,"Cox4i1","gene","microglia"
0.000329165400612382,2,"Crls1","gene","microglia"
6.08442551425209e-05,1,"Ctnnbl1","gene","microglia"
0.000194196933017389,3,"Cwf19l2","gene","microglia"
7.09177846639148e-05,3,"Cyb5d2","gene","microglia"
0.000343616594079333,1,"Czib","gene","microglia"
0.00035103067435708,1,"D230025D16Rik","gene","microglia"
2.66532020712467e-05,3,"Dcaf8","gene","microglia"
0.000150529840029539,1,"Ddi2","gene","microglia"
0.00028989221029236,3,"Dgcr6","gene","microglia"
3.30320968286833e-05,3,"Dlat","gene","microglia"
2.33708469980609e-05,3,"Dnajc19","gene","microglia"
7.54311335904117e-05,4,"Dntt","gene","microglia"
0.000165996772358047,1,"Dph5","gene","microglia"
8.36969342263559e-05,4,"Dpy30","gene","microglia"
4.45343111578943e-05,1,"Dram2","gene","microglia"
0.000349551694372802,1,"E4f1","gene","microglia"
0.000155121291804002,1,"Eed","gene","microglia"
0.000286527920818759,1,"Eef1g","gene","microglia"
0.000110224305575237,3,"Eif3d","gene","microglia"
0.000171012892515448,3,"Eif3k","gene","microglia"
0.00016048904687701,1,"Eif4a2","gene","microglia"
9.75557010532826e-05,3,"Eif4b","gene","microglia"
0.0022819189331291,1,"Elp3","TF","microglia"
0.000278563155981684,3,"Elp3","gene","microglia"
2.20552483762561e-05,3,"Emc8","gene","microglia"
0.000236392113995487,4,"Epc2","gene","microglia"
0.000101921885574959,3,"Eprs","gene","microglia"
0.000172700025821222,4,"Esyt1","gene","microglia"
0.000217112348353058,3,"Etfdh","gene","microglia"
0.000247500556873718,3,"Etfrf1","gene","microglia"
0.000292033376471416,4,"Faap100","gene","microglia"
3.48322937667766e-05,3,"Faf1","gene","microglia"
0.000269253631946621,3,"Fam174b","gene","microglia"
0.000127154976920376,3,"Fam229b","gene","microglia"
6.09812830907951e-05,3,"Fkbp15","gene","microglia"
9.4162374787352e-05,3,"Fktn","gene","microglia"
0.000113630692028173,3,"Ggcx","gene","microglia"
0.000589011586093255,4,"Gm156","gene","microglia"
0.00215812026331695,5,"Gnl3","gene","microglia"
3.08925209523375e-05,1,"Golga7","gene","microglia"
0.000322680026861463,1,"H13","gene","microglia"
0.000202708697708197,2,"Hax1","gene","microglia"
0.00088107009853044,1,"Hmga1","TF","microglia"
0.000288344407255838,3,"Hmga1","gene","microglia"
0.000704510853215694,4,"Hmga1b","gene","microglia"
0.00154682696352901,1,"Hoxa10","TF","microglia"
5.70319086357344e-05,1,"Hoxa10","gene","microglia"
0.00131369831791155,1,"Hoxa9","TF","microglia"
0.000366769169697974,5,"Hoxa9","gene","microglia"
3.25128230594659e-05,3,"Hs2st1","gene","microglia"
8.19467854361848e-05,3,"Ift122","gene","microglia"
0.000107324799787228,3,"Ipo8","gene","microglia"
0.000281892368863406,1,"Itfg1","gene","microglia"
0.000235004599095952,4,"Kif1bp","gene","microglia"
7.15916360470876e-05,3,"Klc1","gene","microglia"
0.000120761491247697,4,"Klhdc9","gene","microglia"
6.6696744516592e-05,1,"Klre1","gene","microglia"
6.54186370157922e-05,3,"Klri1","gene","microglia"
0.00119813119449524,2,"Klri2","gene","microglia"
0.000106175370175774,3,"Kmt2a","gene","microglia"
0.000136230306629452,1,"Leo1","gene","microglia"
0.000249066157895517,3,"Lins1","gene","microglia"
0.000375654911589783,1,"Lrrcc1","gene","microglia"
6.2105210596793e-05,1,"Lsm4","gene","microglia"
0.000400272316583716,2,"Map4k1","gene","microglia"
6.29513155288041e-05,1,"Mbd4","gene","microglia"
0.000304844684969202,1,"Mcts1","gene","microglia"
0.00209324616658151,1,"Med1","TF","microglia"
0.000199723820992907,3,"Med1","gene","microglia"
0.000396851103791186,1,"Med29","gene","microglia"
0.000362550095838739,1,"Mef2c","TF","microglia"
5.93057348627212e-05,3,"Mef2c","gene","microglia"
0.000115652755727893,3,"Mks1","gene","microglia"
0.000161711564876132,1,"Mpc1","gene","microglia"
0.000104382473107864,1,"Mpnd","gene","microglia"
0.000101933856682628,1,"Mrfap1","gene","microglia"
0.000620660445802361,4,"Mrpl15","gene","microglia"
0.000264225755949708,1,"Mrps12","gene","microglia"
0.000183049917770891,3,"Mrps16","gene","microglia"
0.00116909328036413,3,"Myb","TF","microglia"
0.000185633944087654,3,"Myb","gene","microglia"
0.0217239441528281,5,"Myc","TF","microglia"
0.000387045933926654,1,"Myc","gene","microglia"
3.8199800948508e-05,3,"Myo9a","gene","microglia"
0.00228468141233546,3,"Mzf1","TF","microglia"
0.000117090380476447,3,"Mzf1","gene","microglia"
0.000177300744135295,3,"Naa30","gene","microglia"
0.000142604928969014,3,"Naaladl2","gene","microglia"
0.000121088558401775,1,"Nap1l2","gene","microglia"
0.000129249196235487,1,"Nbr1","gene","microglia"
0.002280704453549,1,"Ncoa5","TF","microglia"
3.80500000164744e-05,3,"Ncoa5","gene","microglia"
7.47476627601916e-05,3,"Ndfip2","gene","microglia"
2.49360569271958e-05,1,"Ndufab1","gene","microglia"
7.93494450735045e-05,3,"Ndufs5","gene","microglia"
0.000189882923042359,3,"Neurl4","gene","microglia"
0.000918357789191147,5,"Nme1","gene","microglia"
0.000241668477781493,1,"Nol6","gene","microglia"
0.000254297938270088,1,"Nrap","gene","microglia"
0.000224124781676484,3,"Nsun5","gene","microglia"
0.000192463061549241,3,"Nsun6","gene","microglia"
0.00179947873688646,5,"Nudt9","gene","microglia"
0.000192528489852365,1,"Paf1","gene","microglia"
2.93720118061539e-05,1,"Parg","gene","microglia"
0.00197547274029814,1,"Parp1","TF","microglia"
0.000273805342248733,3,"Parp1","gene","microglia"
0.00204160571177654,1,"Pbrm1","TF","microglia"
0.000371518672685944,1,"Pbrm1","gene","microglia"
0.00015432670195036,3,"Pcnx4","gene","microglia"
0.000194709305826469,3,"Pde4d","gene","microglia"
0.000112901260759048,3,"Pdpr","gene","microglia"
0.00014366993506341,2,"Pdss2","gene","microglia"
0.000257785743221391,3,"Phf6","gene","microglia"
0.000279300951089049,1,"Phf8","gene","microglia"
5.4128307367227e-05,3,"Phkb","gene","microglia"
0.000564654242041626,4,"Pigk","gene","microglia"
0.00122612364133176,5,"Pkn2","gene","microglia"
0.00032408855073752,4,"Ppp5c","gene","microglia"
5.33306977167332e-05,3,"Psmb6","gene","microglia"
7.54403501483717e-05,3,"Psmd8","gene","microglia"
0.000100112249419393,1,"Rad52","gene","microglia"
0.00100907269648391,2,"Ralgapa1","gene","microglia"
4.43445630609994e-05,3,"Rbm33","gene","microglia"
9.20605121931281e-05,3,"Riok2","gene","microglia"
0.000657240392172256,4,"Rnf111","gene","microglia"
4.08852685890364e-05,1,"Rnf139","gene","microglia"
0.000329365121172536,1,"Rps16","gene","microglia"
0.000232386909991404,3,"Rps6kl1","gene","microglia"
0.00137718074006437,3,"Runx1","TF","microglia"
0.000144308305395565,1,"Runx1","gene","microglia"
0.000157904786605316,1,"Sars2","gene","microglia"
0.00032076901964759,1,"Selenof","gene","microglia"
5.48382453188776e-05,1,"Senp8","gene","microglia"
9.61039767401643e-05,1,"Set","gene","microglia"
0.000796115738927111,1,"Setbp1","TF","microglia"
0.000216166522759388,3,"Setbp1","gene","microglia"
9.52935180748782e-05,1,"Sfr1","gene","microglia"
9.49024227186353e-05,1,"Slc31a1","gene","microglia"
3.49041890861761e-05,1,"Supt5","gene","microglia"
8.87636663508953e-05,1,"Taf13","gene","microglia"
0.000247874715551701,1,"Taf1a","gene","microglia"
0.000109524808449872,3,"Taf5","gene","microglia"
7.36642668343972e-05,3,"Taz","gene","microglia"
7.43800636462494e-05,1,"Tbc1d23","gene","microglia"
1.46946393866495e-05,1,"Tbc1d8","gene","microglia"
7.22953589732481e-05,3,"Tcea1","gene","microglia"
0.00303219607820925,3,"Tcf4","TF","microglia"
0.000464968822828592,2,"Tcf4","gene","microglia"
0.000318691821455161,2,"Tgds","gene","microglia"
2.68681849759698e-05,1,"Timm23","gene","microglia"
9.32306664169344e-05,3,"Tmem177","gene","microglia"
9.52849162574061e-05,3,"Tmtc3","gene","microglia"
0.00109278562652191,5,"Tomm7","gene","microglia"
0.00144604760246496,5,"Trappc5","gene","microglia"
0.000193806038206104,2,"Trex1","gene","microglia"
9.52817557888248e-05,3,"Tsen2","gene","microglia"
2.3062228177778e-05,3,"Ttc23","gene","microglia"
2.44762175033452e-05,3,"Tti2","gene","microglia"
0.000266218828032675,1,"Tube1","gene","microglia"
0.0002743673945309,1,"Txnl1","gene","microglia"
2.16371992164109e-05,3,"Ubr1","gene","microglia"
0.00116055941456747,5,"Usp31","gene","microglia"
0.00039794087836083,1,"Usp48","gene","microglia"
0.000286583324134599,1,"Utp14a","gene","microglia"
0.000105492891051672,3,"Utp14b","gene","microglia"
0.00037775741103786,1,"Utp25","gene","microglia"
0.000306864925780349,1,"Vamp8","gene","microglia"
0.000198465634508517,3,"Wdr7","gene","microglia"
1.30245750912329e-05,1,"Zc3h10","gene","microglia"
4.82020205228668e-05,3,"Zc3h15","gene","microglia"
0.00152840882943531,3,"Zeb1","TF","microglia"
8.08583680517773e-05,3,"Zeb1","gene","microglia"
0.000176335119936651,3,"Zfp330","gene","microglia"
0.00021951902261292,1,"Zmat2","gene","microglia"
2.91935095182852e-05,3,"Znhit6","gene","microglia"
2.93472664463569e-05,3,"Zzef1","gene","microglia"
0.000133573898556168,2,"1700016H13Rik","gene","oligodendrocytes"
7.93271747128188e-05,1,"2510039O18Rik","gene","oligodendrocytes"
2.75976253403209e-05,2,"4922502D21Rik","gene","oligodendrocytes"
0.000193452068623093,2,"4930579G24Rik","gene","oligodendrocytes"
3.39938110696967e-05,1,"Aasdh","gene","oligodendrocytes"
1.82139890077349e-05,1,"Abcc10","gene","oligodendrocytes"
4.90245744766305e-05,1,"Abt1","gene","oligodendrocytes"
0.000422555305037741,2,"Aff1","gene","oligodendrocytes"
0.000263043242028741,1,"Anapc7","gene","oligodendrocytes"
3.66227126540616e-05,1,"Anp32a","gene","oligodendrocytes"
0.00131376855904903,1,"Apex1","TF","oligodendrocytes"
0.000144761278971273,1,"Apex1","gene","oligodendrocytes"
1.71743020898153e-05,1,"Apopt1","gene","oligodendrocytes"
2.41113994387012e-05,1,"Arl5b","gene","oligodendrocytes"
0.000259453306839016,1,"Asb7","gene","oligodendrocytes"
3.24934369538523e-05,1,"Bag5","gene","oligodendrocytes"
0.00337534963338576,2,"Bcl11a","TF","oligodendrocytes"
0.000168265222209616,2,"Bcl11a","gene","oligodendrocytes"
3.77921236649087e-05,1,"Bet1l","gene","oligodendrocytes"
5.96736600873475e-05,2,"Bmp5","gene","oligodendrocytes"
0.00130007847241005,1,"Brca1","TF","oligodendrocytes"
1.77153033350412e-05,1,"Brca1","gene","oligodendrocytes"
0.000207001037098916,1,"Casc1","gene","oligodendrocytes"
2.9333560255936e-05,1,"Ccdc174","gene","oligodendrocytes"
0.000178692076150944,2,"Ccdc184","gene","oligodendrocytes"
2.5925219476328e-05,1,"Cdk8","gene","oligodendrocytes"
6.3375661299114e-05,1,"Cdkn2c","gene","oligodendrocytes"
0.00110215848149762,1,"Cebpb","TF","oligodendrocytes"
0.000282640595067659,2,"Cebpb","gene","oligodendrocytes"
1.93592907345775e-05,1,"Cep192","gene","oligodendrocytes"
2.41183151273779e-05,1,"Cep290","gene","oligodendrocytes"
1.85154065741714e-05,1,"Cept1","gene","oligodendrocytes"
0.000181886763967263,2,"Chek1","gene","oligodendrocytes"
3.21662316894372e-05,1,"Cherp","gene","oligodendrocytes"
2.56941929022198e-05,1,"Ciao3","gene","oligodendrocytes"
2.62833086656595e-05,1,"Clec16a","gene","oligodendrocytes"
2.38100381246143e-05,2,"Cnih2","gene","oligodendrocytes"
0.000115647997854358,1,"Cnpy1","gene","oligodendrocytes"
3.4082589441859e-05,1,"Cox4i1","gene","oligodendrocytes"
9.38879141619119e-05,1,"Crls1","gene","oligodendrocytes"
2.27448656565214e-05,1,"Ctnnbl1","gene","oligodendrocytes"
1.8578727822967e-05,1,"Cwf19l2","gene","oligodendrocytes"
6.28631832558076e-05,1,"Cyb5d2","gene","oligodendrocytes"
3.28354816501708e-05,1,"Czib","gene","oligodendrocytes"
2.53637987699032e-05,1,"D230025D16Rik","gene","oligodendrocytes"
2.29184356182515e-05,1,"Dcaf8","gene","oligodendrocytes"
5.36611483292574e-05,1,"Ddi2","gene","oligodendrocytes"
0.000256928048107525,2,"Dgcr6","gene","oligodendrocytes"
2.75327843619995e-05,1,"Dlat","gene","oligodendrocytes"
2.2721786550271e-05,1,"Dnajc19","gene","oligodendrocytes"
0.000105809774917972,1,"Dntt","gene","oligodendrocytes"
0.000114105344885444,1,"Dph5","gene","oligodendrocytes"
2.60403018062306e-05,1,"Dpy30","gene","oligodendrocytes"
2.09353839046408e-05,1,"Dram2","gene","oligodendrocytes"
0.00129665140128553,2,"E4f1","TF","oligodendrocytes"
5.28638580827159e-05,1,"E4f1","gene","oligodendrocytes"
2.53162500438138e-05,1,"Eed","gene","oligodendrocytes"
2.84786592518599e-05,1,"Eef1g","gene","oligodendrocytes"
6.3326791077312e-05,2,"Eif3d","gene","oligodendrocytes"
0.000307991848759883,2,"Eif3k","gene","oligodendrocytes"
2.27010363429276e-05,1,"Eif4a2","gene","oligodendrocytes"
2.64364801380815e-05,1,"Eif4b","gene","oligodendrocytes"
0.00128909054220907,1,"Elp3","TF","oligodendrocytes"
2.76862020124545e-05,1,"Elp3","gene","oligodendrocytes"
4.65433259486329e-05,1,"Emc8","gene","oligodendrocytes"
2.28788892556251e-05,1,"Epc2","gene","oligodendrocytes"
2.17803436943601e-05,1,"Eprs","gene","oligodendrocytes"
0.000159837209011286,1,"Esyt1","gene","oligodendrocytes"
1.71970436009602e-05,1,"Etfdh","gene","oligodendrocytes"
1.87954373311711e-05,1,"Etfrf1","gene","oligodendrocytes"
2.36786129649371e-05,1,"Faap100","gene","oligodendrocytes"
2.35639117659723e-05,1,"Faf1","gene","oligodendrocytes"
0.00030843522246894,1,"Fam174b","gene","oligodendrocytes"
0.000165379154284734,2,"Fam229b","gene","oligodendrocytes"
0.000197642027824633,1,"Fkbp15","gene","oligodendrocytes"
4.26050247217088e-05,2,"Fktn","gene","oligodendrocytes"
2.94769213595058e-05,1,"Ggcx","gene","oligodendrocytes"
3.6318885315285e-05,2,"Gm156","gene","oligodendrocytes"
1.98473058941169e-05,1,"Gnl3","gene","oligodendrocytes"
0.000212597630299791,1,"Golga7","gene","oligodendrocytes"
2.21058972277562e-05,1,"H13","gene","oligodendrocytes"
1.91372267653331e-05,1,"Hax1","gene","oligodendrocytes"
0.00129578568259149,1,"Hmga1","TF","oligodendrocytes"
2.59691561351476e-05,1,"Hmga1","gene","oligodendrocytes"
3.26368567143935e-05,2,"Hmga1b","gene","oligodendrocytes"
0.00134920046681285,1,"Hoxa10","TF","oligodendrocytes"
0.000155987380027847,2,"Hoxa10","gene","oligodendrocytes"
0.00139466452318895,1,"Hoxa9","TF","oligodendrocytes"
9.97489634862102e-05,2,"Hoxa9","gene","oligodendrocytes"
2.12154665207546e-05,1,"Hs2st1","gene","oligodendrocytes"
1.8840759100317e-05,1,"Ift122","gene","oligodendrocytes"
3.29534185766338e-05,1,"Ipo8","gene","oligodendrocytes"
2.06349271514592e-05,1,"Itfg1","gene","oligodendrocytes"
0.000158953706530038,1,"Kif1bp","gene","oligodendrocytes"
2.48733700975828e-05,1,"Klc1","gene","oligodendrocytes"
0.000313212653994003,1,"Klhdc9","gene","oligodendrocytes"
3.55665533972698e-05,2,"Klre1","gene","oligodendrocytes"
2.28259050006415e-05,2,"Klri1","gene","oligodendrocytes"
2.33613594555785e-05,2,"Klri2","gene","oligodendrocytes"
2.41898638661192e-05,1,"Kmt2a","gene","oligodendrocytes"
6.02328178258656e-05,1,"Leo1","gene","oligodendrocytes"
3.13858541733008e-05,1,"Lins1","gene","oligodendrocytes"
2.80669225671648e-05,1,"Lrrcc1","gene","oligodendrocytes"
2.43428869008421e-05,1,"Lsm4","gene","oligodendrocytes"
2.17781754122602e-05,2,"Map4k1","gene","oligodendrocytes"
5.03072960309834e-05,1,"Mbd4","gene","oligodendrocytes"
8.39809849252641e-05,1,"Mcts1","gene","oligodendrocytes"
0.00131395471949867,1,"Med1","TF","oligodendrocytes"
2.54728953375691e-05,1,"Med1","gene","oligodendrocytes"
0.000229492191336029,1,"Med29","gene","oligodendrocytes"
0.00133317889209488,1,"Mef2c","TF","oligodendrocytes"
2.88521879827813e-05,1,"Mef2c","gene","oligodendrocytes"
2.75219199566857e-05,1,"Mks1","gene","oligodendrocytes"
2.66340126941091e-05,1,"Mpc1","gene","oligodendrocytes"
3.78098244833887e-05,1,"Mpnd","gene","oligodendrocytes"
3.0751737508085e-05,1,"Mrfap1","gene","oligodendrocytes"
3.89540723590582e-05,1,"Mrpl15","gene","oligodendrocytes"
2.21631973168733e-05,1,"Mrps12","gene","oligodendrocytes"
2.37079396931564e-05,1,"Mrps16","gene","oligodendrocytes"
0.00142818994151882,2,"Myb","TF","oligodendrocytes"
8.3857427104901e-05,2,"Myb","gene","oligodendrocytes"
0.00124521276517249,2,"Myc","TF","oligodendrocytes"
0.000207761181049256,1,"Myc","gene","oligodendrocytes"
2.00632475970811e-05,1,"Myo9a","gene","oligodendrocytes"
0.00211996928620938,2,"Mzf1","TF","oligodendrocytes"
0.000273382235907502,1,"Mzf1","gene","oligodendrocytes"
2.28410227829863e-05,1,"Naa30","gene","oligodendrocytes"
2.88921013562408e-05,1,"Naaladl2","gene","oligodendrocytes"
4.07859641180144e-05,1,"Nap1l2","gene","oligodendrocytes"
3.30958935558107e-05,1,"Nbr1","gene","oligodendrocytes"
0.00138320361953606,1,"Ncoa5","TF","oligodendrocytes"
2.31962907633675e-05,1,"Ncoa5","gene","oligodendrocytes"
2.5866071384296e-05,1,"Ndfip2","gene","oligodendrocytes"
0.000206204955956321,1,"Ndufab1","gene","oligodendrocytes"
2.80673149323894e-05,1,"Ndufs5","gene","oligodendrocytes"
2.28644684300575e-05,2,"Neurl4","gene","oligodendrocytes"
3.40535231225169e-05,1,"Nme1","gene","oligodendrocytes"
4.60364905229948e-05,1,"Nol6","gene","oligodendrocytes"
3.46322882203367e-05,2,"Nrap","gene","oligodendrocytes"
0.000344620368147382,2,"Nsun5","gene","oligodendrocytes"
6.73305209994176e-05,1,"Nsun6","gene","oligodendrocytes"
2.45441375957987e-05,1,"Nudt9","gene","oligodendrocytes"
1.676673001818e-05,1,"Paf1","gene","oligodendrocytes"
4.99075594189205e-05,1,"Parg","gene","oligodendrocytes"
0.00131628977193321,1,"Parp1","TF","oligodendrocytes"
3.37431717605132e-05,1,"Parp1","gene","oligodendrocytes"
0.00135059895011178,1,"Pbrm1","TF","oligodendrocytes"
2.12923824486747e-05,1,"Pbrm1","gene","oligodendrocytes"
3.7357319896755e-05,1,"Pcnx4","gene","oligodendrocytes"
2.85098947614696e-05,1,"Pde4d","gene","oligodendrocytes"
2.43366461477594e-05,2,"Pdpr","gene","oligodendrocytes"
2.47784324573085e-05,1,"Pdss2","gene","oligodendrocytes"
0.000259414431020506,1,"Phf6","gene","oligodendrocytes"
2.48955503115312e-05,1,"Phf8","gene","oligodendrocytes"
2.16074202195399e-05,1,"Phkb","gene","oligodendrocytes"
2.30762967086255e-05,1,"Pigk","gene","oligodendrocytes"
1.85839606704814e-05,1,"Pkn2","gene","oligodendrocytes"
0.000199809134186371,1,"Ppp5c","gene","oligodendrocytes"
0.000298736217688763,1,"Psmb6","gene","oligodendrocytes"
0.000247690167974546,1,"Psmd8","gene","oligodendrocytes"
5.88641106797371e-05,1,"Rad52","gene","oligodendrocytes"
4.61954307898294e-05,1,"Ralgapa1","gene","oligodendrocytes"
2.20934220412895e-05,1,"Rbm33","gene","oligodendrocytes"
6.99774282155963e-05,1,"Riok2","gene","oligodendrocytes"
4.02938358392108e-05,1,"Rnf111","gene","oligodendrocytes"
3.71355458322973e-05,1,"Rnf139","gene","oligodendrocytes"
0.000267814327433705,1,"Rps16","gene","oligodendrocytes"
2.44697117355654e-05,1,"Rps6kl1","gene","oligodendrocytes"
0.00194626288183356,2,"Runx1","TF","oligodendrocytes"
3.7904903354624e-05,1,"Runx1","gene","oligodendrocytes"
1.72148606444066e-05,1,"Sars2","gene","oligodendrocytes"
2.29008956200977e-05,1,"Selenof","gene","oligodendrocytes"
4.73625015030281e-05,1,"Senp8","gene","oligodendrocytes"
2.80007819687324e-05,2,"Set","gene","oligodendrocytes"
0.000888012797305983,1,"Setbp1","TF","oligodendrocytes"
1.6671724575103e-05,1,"Setbp1","gene","oligodendrocytes"
3.11614797814812e-05,1,"Sfr1","gene","oligodendrocytes"
2.22070261477824e-05,1,"Slc31a1","gene","oligodendrocytes"
3.94560666690723e-05,1,"Supt5","gene","oligodendrocytes"
7.39465481189743e-05,1,"Taf13","gene","oligodendrocytes"
2.74230926161747e-05,2,"Taf1a","gene","oligodendrocytes"
2.01521866330524e-05,1,"Taf5","gene","oligodendrocytes"
1.11681858487587e-05,1,"Taz","gene","oligodendrocytes"
2.11103031759112e-05,1,"Tbc1d23","gene","oligodendrocytes"
9.96054285796174e-06,1,"Tbc1d8","gene","oligodendrocytes"
2.40766814879533e-05,1,"Tcea1","gene","oligodendrocytes"
0.00287884834475519,2,"Tcf4","TF","oligodendrocytes"
3.63009084942158e-05,1,"Tcf4","gene","oligodendrocytes"
2.4613638979374e-05,1,"Tgds","gene","oligodendrocytes"
1.72473987687554e-05,1,"Timm23","gene","oligodendrocytes"
9.61647693332362e-05,2,"Tmem177","gene","oligodendrocytes"
7.07679371336718e-05,2,"Tmtc3","gene","oligodendrocytes"
3.08628360630593e-05,1,"Tomm7","gene","oligodendrocytes"
2.46791726045528e-05,1,"Trappc5","gene","oligodendrocytes"
7.63873786379051e-05,2,"Trex1","gene","oligodendrocytes"
2.02103387353898e-05,1,"Tsen2","gene","oligodendrocytes"
0.000156702834064302,1,"Ttc23","gene","oligodendrocytes"
0.000149150324493616,1,"Tti2","gene","oligodendrocytes"
0.000248484285934495,2,"Tube1","gene","oligodendrocytes"
5.58809367916093e-05,1,"Txnl1","gene","oligodendrocytes"
2.42511981547579e-05,1,"Ubr1","gene","oligodendrocytes"
2.45827204643206e-05,1,"Usp31","gene","oligodendrocytes"
0.000231354019683967,1,"Usp48","gene","oligodendrocytes"
2.26100861862882e-05,1,"Utp14a","gene","oligodendrocytes"
7.31487219716669e-05,2,"Utp14b","gene","oligodendrocytes"
0.000219457859369455,2,"Utp25","gene","oligodendrocytes"
6.16505015528835e-05,2,"Vamp8","gene","oligodendrocytes"
2.52563683346391e-05,1,"Wdr7","gene","oligodendrocytes"
2.75855079469415e-05,1,"Zc3h10","gene","oligodendrocytes"
3.10085168783143e-05,1,"Zc3h15","gene","oligodendrocytes"
0.00239540444266217,2,"Zeb1","TF","oligodendrocytes"
3.25716487462338e-05,2,"Zeb1","gene","oligodendrocytes"
2.06226694277488e-05,2,"Zfp330","gene","oligodendrocytes"
2.83013526327913e-05,1,"Zmat2","gene","oligodendrocytes"
6.18685354257714e-05,1,"Znhit6","gene","oligodendrocytes"
2.14624628431673e-05,1,"Zzef1","gene","oligodendrocytes"
8.51932764105986e-05,1,"1700016H13Rik","gene","opcs"
1.26103170815905e-05,3,"2510039O18Rik","gene","opcs"
0.000274238592729314,1,"4922502D21Rik","gene","opcs"
0.000418906744416096,1,"4930579G24Rik","gene","opcs"
0.000825532715013932,4,"Aasdh","gene","opcs"
0.00113092616422796,2,"Abcc10","gene","opcs"
0.000106066625186632,1,"Abt1","gene","opcs"
5.90833012896394e-06,3,"Aff1","gene","opcs"
0.000118694389357905,3,"Anapc7","gene","opcs"
0.000153710230333873,4,"Anp32a","gene","opcs"
0.00169607580740634,1,"Apex1","TF","opcs"
0.00199179169830541,5,"Apex1","gene","opcs"
0.000194019626256465,3,"Apopt1","gene","opcs"
6.93857626190227e-05,3,"Arl5b","gene","opcs"
5.02005457724628e-05,3,"Asb7","gene","opcs"
5.64968008478728e-06,1,"Bag5","gene","opcs"
0.00190591384286745,3,"Bcl11a","TF","opcs"
0.00130113299693895,5,"Bcl11a","gene","opcs"
6.23342395536825e-05,1,"Bet1l","gene","opcs"
1.31700448727501e-05,3,"Bmp5","gene","opcs"
0.00170901662387508,1,"Brca1","TF","opcs"
0.000327068632058149,3,"Brca1","gene","opcs"
0.000349939455243147,3,"Casc1","gene","opcs"
1.23721048193884e-05,1,"Ccdc174","gene","opcs"
4.73759849922072e-05,1,"Ccdc184","gene","opcs"
2.19662157556446e-05,3,"Cdk8","gene","opcs"
0.000380311618738184,3,"Cdkn2c","gene","opcs"
0.000834453686017504,1,"Cebpb","TF","opcs"
8.03707587826329e-05,1,"Cebpb","gene","opcs"
7.84569909313152e-05,3,"Cep192","gene","opcs"
6.36228950169683e-06,3,"Cep290","gene","opcs"
2.66622359504767e-05,3,"Cept1","gene","opcs"
9.62599027965413e-05,3,"Chek1","gene","opcs"
7.4357180676625e-06,1,"Cherp","gene","opcs"
4.66717892287093e-05,1,"Ciao3","gene","opcs"
7.03312722421589e-06,3,"Clec16a","gene","opcs"
0.000412745253229531,1,"Cnih2","gene","opcs"
5.53487090870262e-05,1,"Cnpy1","gene","opcs"
2.04257833452688e-05,3,"Cox4i1","gene","opcs"
3.49752085944233e-05,1,"Crls1","gene","opcs"
0.00116494380868135,2,"Ctnnbl1","gene","opcs"
0.00107648151645167,5,"Cwf19l2","gene","opcs"
9.76732329082787e-05,3,"Cyb5d2","gene","opcs"
8.29751124729626e-06,1,"Czib","gene","opcs"
8.7727843909748e-05,3,"D230025D16Rik","gene","opcs"
0.00141545260600367,2,"Dcaf8","gene","opcs"
4.76049063508071e-05,3,"Ddi2","gene","opcs"
6.1750255216811e-05,1,"Dgcr6","gene","opcs"
7.89579707882694e-06,1,"Dlat","gene","opcs"
0.00252212726954373,8,"Dnajc19","gene","opcs"
0.000210200466348792,3,"Dntt","gene","opcs"
0.000108322582111863,3,"Dph5","gene","opcs"
6.06338032692044e-05,3,"Dpy30","gene","opcs"
-0.000723055757515105,8,"Dram2","gene","opcs"
0.00143949955328736,3,"E4f1","TF","opcs"
4.1949639445254e-05,3,"E4f1","gene","opcs"
0.000108885402384466,3,"Eed","gene","opcs"
6.82856621779868e-06,3,"Eef1g","gene","opcs"
8.4404327552098e-05,3,"Eif3d","gene","opcs"
0.00146178991480634,5,"Eif3k","gene","opcs"
9.61446023268415e-05,3,"Eif4a2","gene","opcs"
0.00154483721191859,5,"Eif4b","gene","opcs"
0.00156876130838831,1,"Elp3","TF","opcs"
0.000108970540674203,3,"Elp3","gene","opcs"
4.59068989324037e-05,3,"Emc8","gene","opcs"
5.3772460431056e-05,3,"Epc2","gene","opcs"
5.00597724015219e-06,1,"Eprs","gene","opcs"
0.000413808872166113,3,"Esyt1","gene","opcs"
0.000113953872208676,3,"Etfdh","gene","opcs"
2.79207144266495e-05,1,"Etfrf1","gene","opcs"
7.75184237305296e-06,3,"Faap100","gene","opcs"
0.00113268658674775,5,"Faf1","gene","opcs"
2.78608089992162e-05,3,"Fam174b","gene","opcs"
1.98339402793814e-05,3,"Fam229b","gene","opcs"
2.79044949697808e-06,1,"Fkbp15","gene","opcs"
8.3916522857552e-05,3,"Fktn","gene","opcs"
1.68108696443583e-05,3,"Ggcx","gene","opcs"
0.000912900887212421,4,"Gm156","gene","opcs"
6.58855650437059e-05,3,"Gnl3","gene","opcs"
0.000270102831998379,3,"Golga7","gene","opcs"
5.36421531178568e-05,3,"H13","gene","opcs"
0.000267767832015384,4,"Hax1","gene","opcs"
0.00112951447964184,1,"Hmga1","TF","opcs"
7.65798175176884e-05,1,"Hmga1","gene","opcs"
0.000233211444653427,1,"Hmga1b","gene","opcs"
0.0014581923364912,1,"Hoxa10","TF","opcs"
0.000103637651899036,1,"Hoxa10","gene","opcs"
0.00134017223252437,1,"Hoxa9","TF","opcs"
3.1910720227191e-05,1,"Hoxa9","gene","opcs"
2.00554144997442e-05,3,"Hs2st1","gene","opcs"
3.43089648192181e-05,3,"Ift122","gene","opcs"
0.000911722393347935,4,"Ipo8","gene","opcs"
1.53372805670462e-05,3,"Itfg1","gene","opcs"
8.52528493322801e-05,3,"Kif1bp","gene","opcs"
0.00375108419155823,8,"Klc1","gene","opcs"
0.000323410844621781,3,"Klhdc9","gene","opcs"
2.49012371831802e-05,1,"Klre1","gene","opcs"
2.98268919334716e-05,1,"Klri1","gene","opcs"
2.59148240813679e-05,1,"Klri2","gene","opcs"
1.68687091043876e-06,3,"Kmt2a","gene","opcs"
4.41482402374841e-06,3,"Leo1","gene","opcs"
1.72843611575043e-05,1,"Lins1","gene","opcs"
8.5547988247119e-05,3,"Lrrcc1","gene","opcs"
6.09452514601951e-05,1,"Lsm4","gene","opcs"
0.000359793003062769,3,"Map4k1","gene","opcs"
3.63728325390932e-05,3,"Mbd4","gene","opcs"
0.00101992552922915,2,"Mcts1","gene","opcs"
0.00169984236377955,1,"Med1","TF","opcs"
3.70497544026814e-05,3,"Med1","gene","opcs"
0.000225002413077648,3,"Med29","gene","opcs"
0.000892909953986628,1,"Mef2c","TF","opcs"
1.5340141193319e-05,3,"Mef2c","gene","opcs"
0.00124310557306157,2,"Mks1","gene","opcs"
0.000650366845135477,5,"Mpc1","gene","opcs"
0.000394418306311059,3,"Mpnd","gene","opcs"
2.73631405316395e-05,3,"Mrfap1","gene","opcs"
0.000118025035888684,3,"Mrpl15","gene","opcs"
0.000188451073834159,3,"Mrps12","gene","opcs"
0.000689857853726923,4,"Mrps16","gene","opcs"
0.000910278914611257,3,"Myb","TF","opcs"
4.83341574826849e-05,1,"Myb","gene","opcs"
0.0367249820470379,5,"Myc","TF","opcs"
0.000268950447028272,3,"Myc","gene","opcs"
2.29685344716777e-05,3,"Myo9a","gene","opcs"
0.00155309060093461,3,"Mzf1","TF","opcs"
1.75221919320374e-05,3,"Mzf1","gene","opcs"
1.34042958918595e-06,3,"Naa30","gene","opcs"
1.18609506869747e-05,3,"Naaladl2","gene","opcs"
3.29752614477052e-05,1,"Nap1l2","gene","opcs"
2.03022224985845e-06,1,"Nbr1","gene","opcs"
0.00161134224981806,1,"Ncoa5","TF","opcs"
1.06157882898662e-05,3,"Ncoa5","gene","opcs"
4.03064890632696e-05,3,"Ndfip2","gene","opcs"
0.000168554947055609,3,"Ndufab1","gene","opcs"
5.86874616924138e-05,3,"Ndufs5","gene","opcs"
2.52084117023059e-05,1,"Neurl4","gene","opcs"
0.00135729443000115,2,"Nme1","gene","opcs"
0.00117465094979488,5,"Nol6","gene","opcs"
0.000326009065376187,1,"Nrap","gene","opcs"
9.17802706626509e-05,1,"Nsun5","gene","opcs"
2.59089003535665e-05,1,"Nsun6","gene","opcs"
0.00157277403981376,5,"Nudt9","gene","opcs"
2.97766352913687e-05,1,"Paf1","gene","opcs"
4.2364926346167e-05,3,"Parg","gene","opcs"
0.00160088353532673,1,"Parp1","TF","opcs"
0.0012397782786272,5,"Parp1","gene","opcs"
0.00172930401400752,1,"Pbrm1","TF","opcs"
2.70076305943543e-05,3,"Pbrm1","gene","opcs"
0.000297376252852603,3,"Pcnx4","gene","opcs"
1.86387180279568e-05,3,"Pde4d","gene","opcs"
2.7178148792841e-05,3,"Pdpr","gene","opcs"
1.32896432988036e-05,3,"Pdss2","gene","opcs"
-0.00117998728892136,8,"Phf6","gene","opcs"
3.0870726643126e-05,3,"Phf8","gene","opcs"
1.50165317446766e-05,3,"Phkb","gene","opcs"
0.000504179443494115,4,"Pigk","gene","opcs"
0.00114445118762955,5,"Pkn2","gene","opcs"
0.00126117172003628,2,"Ppp5c","gene","opcs"
0.000294834682424603,1,"Psmb6","gene","opcs"
0.00127178768559779,2,"Psmd8","gene","opcs"
7.09897220683379e-05,3,"Rad52","gene","opcs"
2.14171462034453e-05,3,"Ralgapa1","gene","opcs"
6.81242403127427e-06,3,"Rbm33","gene","opcs"
3.9913488032959e-05,3,"Riok2","gene","opcs"
0.000709409292565392,4,"Rnf111","gene","opcs"
1.83256445000963e-05,3,"Rnf139","gene","opcs"
0.000338546843631292,1,"Rps16","gene","opcs"
0.0163359242799626,7,"Rps6kl1","gene","opcs"
0.000723589240432636,3,"Runx1","TF","opcs"
0.000501454334790487,1,"Runx1","gene","opcs"
2.01189906823714e-05,3,"Sars2","gene","opcs"
5.53468627997529e-06,1,"Selenof","gene","opcs"
4.05105991367246e-05,3,"Senp8","gene","opcs"
0.000170913146100199,3,"Set","gene","opcs"
0.000831702293891445,1,"Setbp1","TF","opcs"
2.05892815052148e-05,3,"Setbp1","gene","opcs"
0.000225557115732613,3,"Sfr1","gene","opcs"
0.000314771492327228,3,"Slc31a1","gene","opcs"
0.000135770478926715,3,"Supt5","gene","opcs"
1.89923414513946e-05,1,"Taf13","gene","opcs"
9.79789897081417e-06,1,"Taf1a","gene","opcs"
0.000257042404846028,1,"Taf5","gene","opcs"
2.62318226461731e-05,3,"Taz","gene","opcs"
-9.39767522012995e-07,3,"Tbc1d23","gene","opcs"
1.32555415339902e-05,3,"Tbc1d8","gene","opcs"
0.00501427862099404,8,"Tcea1","gene","opcs"
0.00201530001042029,3,"Tcf4","TF","opcs"
0.000499097019661532,5,"Tcf4","gene","opcs"
6.27693847305967e-05,3,"Tgds","gene","opcs"
6.49970074708708e-06,1,"Timm23","gene","opcs"
9.46266516992899e-05,4,"Tmem177","gene","opcs"
7.78450005805446e-06,1,"Tmtc3","gene","opcs"
0.00116507547434266,5,"Tomm7","gene","opcs"
0.00137612187642248,5,"Trappc5","gene","opcs"
0.000111401005692507,1,"Trex1","gene","opcs"
2.98594025408247e-06,1,"Tsen2","gene","opcs"
6.38534447218983e-05,3,"Ttc23","gene","opcs"
2.54998944523847e-05,3,"Tti2","gene","opcs"
5.87228901571751e-06,3,"Tube1","gene","opcs"
0.0130205858224524,6,"Txnl1","gene","opcs"
3.4842977779945e-05,3,"Ubr1","gene","opcs"
1.54392175509141e-05,3,"Usp31","gene","opcs"
3.1771244970565e-05,3,"Usp48","gene","opcs"
0.000154414790043534,3,"Utp14a","gene","opcs"
0.000420494720632091,3,"Utp14b","gene","opcs"
1.13612604748014e-05,1,"Utp25","gene","opcs"
1.93143949335685e-05,1,"Vamp8","gene","opcs"
2.4487223594295e-05,3,"Wdr7","gene","opcs"
4.64309678518967e-05,3,"Zc3h10","gene","opcs"
7.49978101895034e-05,3,"Zc3h15","gene","opcs"
0.00140142544770033,3,"Zeb1","TF","opcs"
0.000390453064373254,2,"Zeb1","gene","opcs"
2.27053801313165e-05,3,"Zfp330","gene","opcs"
0.000197380038021695,1,"Zmat2","gene","opcs"
1.3336422787814e-05,3,"Znhit6","gene","opcs"
6.85111679331322e-06,1,"Zzef1","gene","opcs"
0.00010283439994401,2,"1700016H13Rik","gene","pericytes"
0.000169382833379465,1,"2510039O18Rik","gene","pericytes"
3.51600512648656e-05,2,"4922502D21Rik","gene","pericytes"
9.94308665631008e-05,2,"4930579G24Rik","gene","pericytes"
0.000255698046192348,1,"Aasdh","gene","pericytes"
3.87331594400988e-05,2,"Abcc10","gene","pericytes"
0.000186326292728589,2,"Abt1","gene","pericytes"
4.10962292113038e-05,1,"Aff1","gene","pericytes"
0.000201501163426549,1,"Anapc7","gene","pericytes"
5.31456550370528e-05,1,"Anp32a","gene","pericytes"
0.0011795418632362,1,"Apex1","TF","pericytes"
9.87547835806561e-05,1,"Apex1","gene","pericytes"
0.000192697699679147,1,"Apopt1","gene","pericytes"
5.5763711730123e-05,1,"Arl5b","gene","pericytes"
0.000103569833102028,2,"Asb7","gene","pericytes"
6.50595987708304e-05,1,"Bag5","gene","pericytes"
0.00376261883720053,2,"Bcl11a","TF","pericytes"
4.9421523742853e-05,1,"Bcl11a","gene","pericytes"
0.000255202538699761,1,"Bet1l","gene","pericytes"
6.69473022517924e-05,1,"Bmp5","gene","pericytes"
0.00120638764944636,1,"Brca1","TF","pericytes"
7.79399804197985e-05,2,"Brca1","gene","pericytes"
0.000124129984020507,2,"Casc1","gene","pericytes"
0.000109392709758254,1,"Ccdc174","gene","pericytes"
9.57765592064673e-05,1,"Ccdc184","gene","pericytes"
4.59307439368052e-05,1,"Cdk8","gene","pericytes"
0.000122499666213367,1,"Cdkn2c","gene","pericytes"
0.00149734826812268,1,"Cebpb","TF","pericytes"
0.000100424477500894,1,"Cebpb","gene","pericytes"
3.91753985843584e-05,1,"Cep192","gene","pericytes"
7.35416806061491e-05,1,"Cep290","gene","pericytes"
5.99060324304419e-05,1,"Cept1","gene","pericytes"
0.000162579134146191,2,"Chek1","gene","pericytes"
8.161405710027e-05,1,"Cherp","gene","pericytes"
2.79919435544105e-05,2,"Ciao3","gene","pericytes"
5.03714352140619e-05,1,"Clec16a","gene","pericytes"
0.00026241965279631,1,"Cnih2","gene","pericytes"
0.000107805721687461,2,"Cnpy1","gene","pericytes"
4.31935807698394e-05,1,"Cox4i1","gene","pericytes"
0.000151575987707496,1,"Crls1","gene","pericytes"
4.55017396756651e-05,1,"Ctnnbl1","gene","pericytes"
5.89268223977905e-05,1,"Cwf19l2","gene","pericytes"
6.58797890560194e-05,1,"Cyb5d2","gene","pericytes"
3.54434151934716e-05,1,"Czib","gene","pericytes"
2.69957999315782e-05,1,"D230025D16Rik","gene","pericytes"
6.04056197352521e-05,1,"Dcaf8","gene","pericytes"
5.4511907324073e-05,1,"Ddi2","gene","pericytes"
7.57359100710566e-05,1,"Dgcr6","gene","pericytes"
9.83035631826591e-05,1,"Dlat","gene","pericytes"
9.59732106358551e-05,1,"Dnajc19","gene","pericytes"
5.75646413102722e-05,2,"Dntt","gene","pericytes"
8.17834179277394e-05,1,"Dph5","gene","pericytes"
0.000271223800220773,2,"Dpy30","gene","pericytes"
5.11652151208886e-05,1,"Dram2","gene","pericytes"
0.000810316817821874,2,"E4f1","TF","pericytes"
9.14401600932386e-05,1,"E4f1","gene","pericytes"
6.41775211073829e-05,1,"Eed","gene","pericytes"
7.81397350848728e-05,1,"Eef1g","gene","pericytes"
7.63980366337681e-05,1,"Eif3d","gene","pericytes"
4.43450381253237e-05,1,"Eif3k","gene","pericytes"
0.00024640378167051,1,"Eif4a2","gene","pericytes"
0.000230295570319968,1,"Eif4b","gene","pericytes"
0.00120283924930186,1,"Elp3","TF","pericytes"
4.92531314118937e-05,1,"Elp3","gene","pericytes"
0.000205417700882531,1,"Emc8","gene","pericytes"
5.31998367522453e-05,1,"Epc2","gene","pericytes"
5.58820426136387e-05,1,"Eprs","gene","pericytes"
9.75245885525052e-05,1,"Esyt1","gene","pericytes"
4.58173945271921e-05,1,"Etfdh","gene","pericytes"
9.08616534231091e-05,1,"Etfrf1","gene","pericytes"
6.22750990483021e-05,1,"Faap100","gene","pericytes"
4.26019562398428e-05,1,"Faf1","gene","pericytes"
0.000126058470896283,2,"Fam174b","gene","pericytes"
0.000138514574292338,2,"Fam229b","gene","pericytes"
4.52477025893792e-05,1,"Fkbp15","gene","pericytes"
3.86536186588196e-05,1,"Fktn","gene","pericytes"
4.67436736971234e-05,1,"Ggcx","gene","pericytes"
5.22929501954355e-05,2,"Gm156","gene","pericytes"
0.000176380907807048,2,"Gnl3","gene","pericytes"
3.39063610735819e-05,1,"Golga7","gene","pericytes"
6.24816596386083e-05,1,"H13","gene","pericytes"
5.82398261248937e-05,1,"Hax1","gene","pericytes"
0.00144808552643249,1,"Hmga1","TF","pericytes"
5.83578220058077e-05,2,"Hmga1","gene","pericytes"
5.64038299327669e-05,2,"Hmga1b","gene","pericytes"
0.00130872788186534,1,"Hoxa10","TF","pericytes"
0.000126210961696301,2,"Hoxa10","gene","pericytes"
0.00145638617488355,1,"Hoxa9","TF","pericytes"
0.00011954644795787,2,"Hoxa9","gene","pericytes"
7.611036502531e-05,1,"Hs2st1","gene","pericytes"
4.9810840378037e-05,1,"Ift122","gene","pericytes"
5.57232778463995e-05,1,"Ipo8","gene","pericytes"
3.65519617552139e-05,1,"Itfg1","gene","pericytes"
7.99738367339815e-05,1,"Kif1bp","gene","pericytes"
4.25968067393771e-05,1,"Klc1","gene","pericytes"
7.02186525527102e-05,2,"Klhdc9","gene","pericytes"
7.93888305646399e-05,2,"Klre1","gene","pericytes"
3.14529777999454e-05,2,"Klri1","gene","pericytes"
3.27162335561952e-05,2,"Klri2","gene","pericytes"
5.13621441904689e-05,1,"Kmt2a","gene","pericytes"
0.00023079008085521,1,"Leo1","gene","pericytes"
7.32118115015903e-05,2,"Lins1","gene","pericytes"
5.21996069106493e-05,1,"Lrrcc1","gene","pericytes"
8.28438258321746e-05,1,"Lsm4","gene","pericytes"
0.000117200182618547,2,"Map4k1","gene","pericytes"
0.000232989000855267,1,"Mbd4","gene","pericytes"
5.86006689251757e-05,1,"Mcts1","gene","pericytes"
0.00122461370638312,1,"Med1","TF","pericytes"
4.91217603149719e-05,1,"Med1","gene","pericytes"
7.71013463181799e-05,1,"Med29","gene","pericytes"
0.00183123784871665,1,"Mef2c","TF","pericytes"
9.3157615940403e-05,1,"Mef2c","gene","pericytes"
9.5422945978954e-05,1,"Mks1","gene","pericytes"
3.67363995260646e-05,1,"Mpc1","gene","pericytes"
0.000260344718262902,1,"Mpnd","gene","pericytes"
4.04474068232367e-05,1,"Mrfap1","gene","pericytes"
8.69059146675107e-05,1,"Mrpl15","gene","pericytes"
6.16048326609825e-05,2,"Mrps12","gene","pericytes"
0.000125650379445299,1,"Mrps16","gene","pericytes"
0.00174684864987823,2,"Myb","TF","pericytes"
6.31480671384428e-05,2,"Myb","gene","pericytes"
0.00168413957785263,2,"Myc","TF","pericytes"
0.000227464699626429,2,"Myc","gene","pericytes"
6.20250224797258e-05,1,"Myo9a","gene","pericytes"
0.00225877637666844,2,"Mzf1","TF","pericytes"
7.81042194355922e-05,2,"Mzf1","gene","pericytes"
5.55000405357168e-05,1,"Naa30","gene","pericytes"
4.79583058394438e-05,1,"Naaladl2","gene","pericytes"
0.000115378057420178,2,"Nap1l2","gene","pericytes"
0.000257348776715726,1,"Nbr1","gene","pericytes"
0.00127271961876566,1,"Ncoa5","TF","pericytes"
4.8541335699579e-05,1,"Ncoa5","gene","pericytes"
8.46164757330069e-05,1,"Ndfip2","gene","pericytes"
2.72567080421297e-05,1,"Ndufab1","gene","pericytes"
4.922779280691e-05,1,"Ndufs5","gene","pericytes"
5.14110595935723e-05,1,"Neurl4","gene","pericytes"
0.000255732752390384,1,"Nme1","gene","pericytes"
0.00024285364637136,1,"Nol6","gene","pericytes"
0.000116628492064935,2,"Nrap","gene","pericytes"
0.000206696807342222,1,"Nsun5","gene","pericytes"
7.37462866826661e-05,1,"Nsun6","gene","pericytes"
7.12642143269037e-05,1,"Nudt9","gene","pericytes"
3.50981722177547e-05,1,"Paf1","gene","pericytes"
6.5406223694179e-05,1,"Parg","gene","pericytes"
0.00118251822264211,1,"Parp1","TF","pericytes"
0.00026282424996832,2,"Parp1","gene","pericytes"
0.00130373561130724,1,"Pbrm1","TF","pericytes"
8.32334393515886e-05,1,"Pbrm1","gene","pericytes"
6.65982125518371e-05,1,"Pcnx4","gene","pericytes"
5.17942935554409e-05,1,"Pde4d","gene","pericytes"
4.2334652355238e-05,1,"Pdpr","gene","pericytes"
4.99984609354819e-05,1,"Pdss2","gene","pericytes"
0.000251612026603946,1,"Phf6","gene","pericytes"
0.000111072565561444,1,"Phf8","gene","pericytes"
0.000252596743570595,1,"Phkb","gene","pericytes"
0.00010565468006864,1,"Pigk","gene","pericytes"
0.000147270469265677,1,"Pkn2","gene","pericytes"
0.000260403000859827,1,"Ppp5c","gene","pericytes"
0.000188160006301891,1,"Psmb6","gene","pericytes"
0.000217741756871375,1,"Psmd8","gene","pericytes"
3.74252164149154e-05,2,"Rad52","gene","pericytes"
5.81047388542968e-05,1,"Ralgapa1","gene","pericytes"
0.000131737009756156,1,"Rbm33","gene","pericytes"
7.45864172914791e-05,1,"Riok2","gene","pericytes"
7.3129036793528e-05,1,"Rnf111","gene","pericytes"
6.35036995609568e-05,1,"Rnf139","gene","pericytes"
5.14083748525748e-05,1,"Rps16","gene","pericytes"
0.000225540252320287,2,"Rps6kl1","gene","pericytes"
0.0025180947698411,2,"Runx1","TF","pericytes"
8.11228379563306e-05,1,"Runx1","gene","pericytes"
7.18426713619085e-05,2,"Sars2","gene","pericytes"
5.11865950330352e-05,1,"Selenof","gene","pericytes"
0.000230418912627011,1,"Senp8","gene","pericytes"
4.21077133291904e-05,1,"Set","gene","pericytes"
0.00101720455024455,1,"Setbp1","TF","pericytes"
6.59800010882705e-05,1,"Setbp1","gene","pericytes"
6.57785497783852e-05,1,"Sfr1","gene","pericytes"
4.79428028305502e-05,1,"Slc31a1","gene","pericytes"
5.53612194771175e-05,1,"Supt5","gene","pericytes"
0.000106685102700568,1,"Taf13","gene","pericytes"
4.94409408946879e-05,1,"Taf1a","gene","pericytes"
0.000134152610855869,1,"Taf5","gene","pericytes"
0.000255728995106633,1,"Taz","gene","pericytes"
6.00392886158755e-05,1,"Tbc1d23","gene","pericytes"
7.83982569133861e-05,1,"Tbc1d8","gene","pericytes"
5.35844551647139e-05,1,"Tcea1","gene","pericytes"
0.00331606284457265,2,"Tcf4","TF","pericytes"
6.57561975019196e-05,1,"Tcf4","gene","pericytes"
0.000204678027107428,1,"Tgds","gene","pericytes"
6.50313801053309e-05,1,"Timm23","gene","pericytes"
0.000120503980641181,1,"Tmem177","gene","pericytes"
4.83387027298744e-05,1,"Tmtc3","gene","pericytes"
7.03954382757693e-05,1,"Tomm7","gene","pericytes"
0.000165104696807855,2,"Trappc5","gene","pericytes"
6.86884767864571e-05,2,"Trex1","gene","pericytes"
0.000131126812819137,1,"Tsen2","gene","pericytes"
5.64243516495595e-05,1,"Ttc23","gene","pericytes"
0.000220403979931041,1,"Tti2","gene","pericytes"
6.97744054410237e-05,2,"Tube1","gene","pericytes"
5.79735255282047e-05,1,"Txnl1","gene","pericytes"
5.81252003032434e-05,1,"Ubr1","gene","pericytes"
4.31688827805009e-05,1,"Usp31","gene","pericytes"
5.02172958925505e-05,1,"Usp48","gene","pericytes"
5.13844879771381e-05,1,"Utp14a","gene","pericytes"
4.75785305584576e-05,1,"Utp14b","gene","pericytes"
9.55558613544412e-05,1,"Utp25","gene","pericytes"
0.000264236373866103,2,"Vamp8","gene","pericytes"
4.35227909695696e-05,1,"Wdr7","gene","pericytes"
7.14835207084219e-05,1,"Zc3h10","gene","pericytes"
0.000245156851819995,1,"Zc3h15","gene","pericytes"
0.00278053422686776,2,"Zeb1","TF","pericytes"
5.0978640505811e-05,1,"Zeb1","gene","pericytes"
0.00011107915975439,1,"Zfp330","gene","pericytes"
0.000221962500335555,1,"Zmat2","gene","pericytes"
6.89874475062324e-05,1,"Znhit6","gene","pericytes"
4.04621390419682e-05,1,"Zzef1","gene","pericytes"
